Name,Path,File type,Cyclomatic Complexity,Total lines,Empty Lines,Effective Lines,Comment Lines
REPROC.prc,demo/proc/REPROC.prc,PROC,0,32,0,32,0
COCDATFT.mac,demo/maclib/COCDATFT.mac,ASM-CPY,0,23,0,23,0
TRANREPT.prc,demo/proc/TRANREPT.prc,PROC,0,82,0,82,0
ASMWAIT.mac,demo/maclib/ASMWAIT.mac,MACRO,1,20,0,20,0
CardDemo.controlm,demo/scheduler/CardDemo.controlm,CONTROLM,0,93,0,93,0
CardDemo.ca7,demo/scheduler/CardDemo.ca7,CA7,0,571,146,425,0
TXT2PDF1.JCL,demo/jcl/TXT2PDF1.JCL,JCL,0,42,1,14,27
INTRDRJ2.JCL,demo/jcl/INTRDRJ2.JCL,JCL,0,15,1,9,5
WAITSTEP.jcl,demo/jcl/WAITSTEP.jcl,JCL,0,28,1,8,19
READACCT.jcl,demo/jcl/READACCT.jcl,JCL,0,51,1,28,22
READCUST.jcl,demo/jcl/READCUST.jcl,JCL,0,31,1,9,21
READXREF.jcl,demo/jcl/READXREF.jcl,JCL,0,32,1,9,22
READCARD.jcl,demo/jcl/READCARD.jcl,JCL,0,32,1,9,22
TRANIDX.jcl,demo/jcl/TRANIDX.jcl,JCL,0,59,1,30,28
REPTFILE.jcl,demo/jcl/REPTFILE.jcl,JCL,0,33,1,10,22
DALYREJS.jcl,demo/jcl/DALYREJS.jcl,JCL,0,33,1,10,22
OPENFIL.jcl,demo/jcl/OPENFIL.jcl,JCL,0,35,1,12,22
CREASTMT.JCL,demo/jcl/CREASTMT.JCL,JCL,3,98,1,68,29
TCATBALF.jcl,demo/jcl/TCATBALF.jcl,JCL,0,66,1,36,29
PRTCATBL.jcl,demo/jcl/PRTCATBL.jcl,JCL,0,67,1,38,28
TRANREPT.jcl,demo/jcl/TRANREPT.jcl,JCL,0,85,1,52,32
AWS.M2.CARDDEMO.DALYTRAN.PS.INIT,demo/data/EBCDIC/AWS.M2.CARDDEMO.DALYTRAN.PS.INIT,BINARY,0,0,0,0,0
TRANBKP.jcl,demo/jcl/TRANBKP.jcl,JCL,3,72,1,40,31
TRANCATG.jcl,demo/jcl/TRANCATG.jcl,JCL,0,66,1,36,29
XREFFILE.jcl,demo/jcl/XREFFILE.jcl,JCL,2,107,1,68,38
TRANFILE.jcl,demo/jcl/TRANFILE.jcl,JCL,2,126,1,81,44
CBEXPORT.jcl,demo/jcl/CBEXPORT.jcl,JCL,0,73,2,34,37
DEFCUST.jcl,demo/jcl/DEFCUST.jcl,JCL,0,48,1,24,23
REPROCT.ctl,demo/ctl/REPROCT.ctl,CTL,0,15,0,15,0
AWS.M2.CARDDEMO.ACCDATA.PS,demo/data/EBCDIC/AWS.M2.CARDDEMO.ACCDATA.PS,BINARY,0,0,0,0,0
FTPJCL.JCL,demo/jcl/FTPJCL.JCL,JCL,0,43,1,13,29
AWS.M2.CARDDEMO.CUSTDATA.PS,demo/data/EBCDIC/AWS.M2.CARDDEMO.CUSTDATA.PS,BINARY,0,0,0,0,0
DEFGDGD.jcl,demo/jcl/DEFGDGD.jcl,JCL,4,95,1,54,40
AWS.M2.CARDDEMO.DISCGRP.PS,demo/data/EBCDIC/AWS.M2.CARDDEMO.DISCGRP.PS,BINARY,0,0,0,0,0
CBIMPORT.jcl,demo/jcl/CBIMPORT.jcl,JCL,0,69,1,34,34
TRANTYPE.jcl,demo/jcl/TRANTYPE.jcl,JCL,0,66,1,36,29
DEFGDGB.jcl,demo/jcl/DEFGDGB.jcl,JCL,6,64,1,41,22
COMBTRAN.jcl,demo/jcl/COMBTRAN.jcl,JCL,0,53,1,27,25
ESDSRRDS.jcl,demo/jcl/ESDSRRDS.jcl,JCL,0,125,1,69,55
POSTTRAN.jcl,demo/jcl/POSTTRAN.jcl,JCL,0,46,1,22,23
INTCALC.jcl,demo/jcl/INTCALC.jcl,JCL,0,45,1,22,22
DUSRSECJ.jcl,demo/jcl/DUSRSECJ.jcl,JCL,0,93,1,49,43
AWS.M2.CARDDEMO.ACCTDATA.PS,demo/data/EBCDIC/AWS.M2.CARDDEMO.ACCTDATA.PS,BINARY,0,0,0,0,0
CUSTFILE.jcl,demo/jcl/CUSTFILE.jcl,JCL,1,85,1,48,36
COUSR03.CPY,demo/cpy-bms/COUSR03.CPY,CPY,0,153,1,136,16
INTRDRJ1.JCL,demo/jcl/INTRDRJ1.JCL,JCL,0,20,1,14,5
AWS.M2.CARDDEMO.EXPORT.DATA.PS,demo/data/EBCDIC/AWS.M2.CARDDEMO.EXPORT.DATA.PS,BINARY,0,0,0,0,0
AWS.M2.CARDDEMO.USRSEC.PS,demo/data/EBCDIC/AWS.M2.CARDDEMO.USRSEC.PS,BINARY,0,0,0,0,0
AWS.M2.CARDDEMO.CARDXREF.PS,demo/data/EBCDIC/AWS.M2.CARDDEMO.CARDXREF.PS,BINARY,0,0,0,0,0
AWS.M2.CARDDEMO.TRANTYPE.PS,demo/data/EBCDIC/AWS.M2.CARDDEMO.TRANTYPE.PS,BINARY,0,0,0,0,0
COTRN02.CPY,demo/cpy-bms/COTRN02.CPY,CPY,0,273,1,256,16
AWS.M2.CARDDEMO.DALYTRAN.PS,demo/data/EBCDIC/AWS.M2.CARDDEMO.DALYTRAN.PS,BINARY,0,0,0,0,0
CLOSEFIL.jcl,demo/jcl/CLOSEFIL.jcl,JCL,0,35,1,12,22
DISCGRP.jcl,demo/jcl/DISCGRP.jcl,JCL,0,66,1,36,29
COADM01.CPY,demo/cpy-bms/COADM01.CPY,CPY,0,261,1,244,16
ACCTFILE.jcl,demo/jcl/ACCTFILE.jcl,JCL,1,66,1,36,29
COUSR00.CPY,demo/cpy-bms/COUSR00.CPY,CPY,0,729,1,712,16
COACTUP.CPY,demo/cpy-bms/COACTUP.CPY,CPY,0,669,1,652,16
carddata.txt,demo/data/ASCII/carddata.txt,UNKNOWN,0,50,0,50,0
CARDFILE.jcl,demo/jcl/CARDFILE.jcl,JCL,2,129,1,82,46
COUSR02.CPY,demo/cpy-bms/COUSR02.CPY,CPY,0,165,1,148,16
CVTRA05Y.cpy,demo/cpy/CVTRA05Y.cpy,CPY,0,22,1,15,6
AWS.M2.CARDDEMO.TCATBALF.PS,demo/data/EBCDIC/AWS.M2.CARDDEMO.TCATBALF.PS,BINARY,0,0,0,0,0
CSSETATY.cpy,demo/cpy/CSSETATY.cpy,CPY,2,31,1,10,20
tcatbal.txt,demo/data/ASCII/tcatbal.txt,UNKNOWN,0,50,0,50,0
CARDDEMO.CSD,demo/csd/CARDDEMO.CSD,CSDCOMMAND,0,505,0,505,0
dailytran.txt,demo/data/ASCII/dailytran.txt,UNKNOWN,0,300,0,300,0
discgrp.txt,demo/data/ASCII/discgrp.txt,UNKNOWN,0,51,0,51,0
CBADMCDJ.jcl,demo/jcl/CBADMCDJ.jcl,JCL,0,168,20,122,26
acctdata.txt,demo/data/ASCII/acctdata.txt,UNKNOWN,0,50,0,50,0
AWS.M2.CARDDEMO.TRANCATG.PS,demo/data/EBCDIC/AWS.M2.CARDDEMO.TRANCATG.PS,BINARY,0,0,0,0,0
AWS.M2.CARDDEMO.CARDDATA.PS,demo/data/EBCDIC/AWS.M2.CARDDEMO.CARDDATA.PS,BINARY,0,0,0,0,0
CVACT01Y.cpy,demo/cpy/CVACT01Y.cpy,CPY,0,21,1,14,6
UNUSED1Y.cpy,demo/cpy/UNUSED1Y.cpy,CPY,0,11,1,7,3
COBIL00.CPY,demo/cpy-bms/COBIL00.CPY,CPY,0,141,1,124,16
trantype.txt,demo/data/ASCII/trantype.txt,UNKNOWN,0,7,0,7,0
trancatg.txt,demo/data/ASCII/trancatg.txt,UNKNOWN,0,18,0,18,0
CVTRA06Y.cpy,demo/cpy/CVTRA06Y.cpy,CPY,0,22,1,15,6
cardxref.txt,demo/data/ASCII/cardxref.txt,UNKNOWN,0,50,0,50,0
COCRDLI.CPY,demo/cpy-bms/COCRDLI.CPY,CPY,0,561,1,544,16
CVACT02Y.cpy,demo/cpy/CVACT02Y.cpy,CPY,0,15,1,8,6
COSGN00.CPY,demo/cpy-bms/COSGN00.CPY,CPY,0,153,1,136,16
CVACT03Y.cpy,demo/cpy/CVACT03Y.cpy,CPY,0,12,1,5,6
COTRN02C.cbl,demo/cbl/COTRN02C.cbl,COB,87,784,83,616,85
CVTRA02Y.cpy,demo/cpy/CVTRA02Y.cpy,CPY,0,14,1,7,6
CSUTLDWY.cpy,demo/cpy/CSUTLDWY.cpy,CPY,0,90,2,82,6
COADM02Y.cpy,demo/cpy/COADM02Y.cpy,CPY,0,63,1,36,26
CORPT00.CPY,demo/cpy-bms/CORPT00.CPY,CPY,0,225,1,208,16
COCOM01Y.cpy,demo/cpy/COCOM01Y.cpy,CPY,0,48,1,26,21
CODATECN.cpy,demo/cpy/CODATECN.cpy,CPY,0,53,1,36,16
CVTRA01Y.cpy,demo/cpy/CVTRA01Y.cpy,CPY,0,14,1,7,6
COUSR01.CPY,demo/cpy-bms/COUSR01.CPY,CPY,0,165,1,148,16
COCRDSL.CPY,demo/cpy-bms/COCRDSL.CPY,CPY,0,201,1,184,16
COBSWAIT.cbl,demo/cbl/COBSWAIT.cbl,COB,1,42,6,14,22
CSSTRPFY.cpy,demo/cpy/CSSTRPFY.cpy,CPY,30,86,1,63,22
COTRN01.CPY,demo/cpy-bms/COTRN01.CPY,CPY,0,273,1,256,16
COACTVW.CPY,demo/cpy-bms/COACTVW.CPY,CPY,0,465,1,448,16
CSDAT01Y.cpy,demo/cpy/CSDAT01Y.cpy,CPY,0,59,1,39,19
CVCRD01Y.cpy,demo/cpy/CVCRD01Y.cpy,CPY,0,47,2,34,11
CVTRA04Y.cpy,demo/cpy/CVTRA04Y.cpy,CPY,0,13,1,6,6
custdata.txt,demo/data/ASCII/custdata.txt,UNKNOWN,0,50,0,50,0
CUSTREC.cpy,demo/cpy/CUSTREC.cpy,CPY,0,27,1,20,6
COMEN01.CPY,demo/cpy-bms/COMEN01.CPY,CPY,0,261,1,244,16
CVTRA07Y.cpy,demo/cpy/CVTRA07Y.cpy,CPY,0,74,9,59,6
COMEN02Y.cpy,demo/cpy/COMEN02Y.cpy,CPY,0,102,15,65,22
CSUTLDPY.cpy,demo/cpy/CSUTLDPY.cpy,CPY,46,376,33,290,53
CSMSG02Y.cpy,demo/cpy/CSMSG02Y.cpy,CPY,0,36,3,10,23
COCRDUP.CPY,demo/cpy-bms/COCRDUP.CPY,CPY,0,225,1,208,16
COTRN00.CPY,demo/cpy-bms/COTRN00.CPY,CPY,0,729,1,712,16
CBACT01C.cbl,demo/cbl/CBACT01C.cbl,COB,45,431,22,358,51
CSUSR01Y.cpy,demo/cpy/CSUSR01Y.cpy,CPY,0,27,1,7,19
COUSR03C.cbl,demo/cbl/COUSR03C.cbl,COB,32,360,46,251,63
CVEXPORT.cpy,demo/cpy/CVEXPORT.cpy,CPY,0,104,6,72,26
CBTRN01C.cbl,demo/cbl/CBTRN01C.cbl,COB,64,495,34,416,45
COADM01.bms,demo/bms/COADM01.bms,BMS,1,168,1,146,21
COBIL00C.cbl,demo/cbl/COBIL00C.cbl,COB,50,573,72,422,79
COTTL01Y.cpy,demo/cpy/COTTL01Y.cpy,CPY,0,28,1,7,20
CORPT00C.cbl,demo/cbl/CORPT00C.cbl,COB,45,650,86,501,63
COUSR02C.cbl,demo/cbl/COUSR02C.cbl,COB,41,415,49,303,63
CSUTLDTC.cbl,demo/cbl/CSUTLDTC.cbl,COB,12,158,14,115,29
CVTRA03Y.cpy,demo/cpy/CVTRA03Y.cpy,CPY,0,11,1,4,6
COUSR00C.cbl,demo/cbl/COUSR00C.cbl,COB,89,696,84,532,80
CVCUS01Y.cpy,demo/cpy/CVCUS01Y.cpy,CPY,0,27,1,20,6
COUSR01C.cbl,demo/cbl/COUSR01C.cbl,COB,26,300,40,199,61
TRNTYCAT.ddl,demo/app-transaction-type-db2/ddl/TRNTYCAT.ddl,SQL,0,8,1,7,0
CSMSG01Y.cpy,demo/cpy/CSMSG01Y.cpy,CPY,0,25,1,5,19
COSTM01.CPY,demo/cpy/COSTM01.CPY,CPY,0,39,3,17,19
COTRN01C.cbl,demo/cbl/COTRN01C.cbl,COB,25,331,43,231,57
COMEN01C.cbl,demo/cbl/COMEN01C.cbl,COB,32,309,42,214,53
CSLKPCDY.cpy,demo/cpy/CSLKPCDY.cpy,CPY,0,1319,3,1283,33
LISTCAT.txt,demo/catlg/LISTCAT.txt,LISTCAT,0,3956,0,3956,0
COTRN01.bms,demo/bms/COTRN01.bms,BMS,1,274,1,252,21
CBSTM03B.CBL,demo/cbl/CBSTM03B.CBL,COB,30,231,43,162,26
CBCUS01C.cbl,demo/cbl/CBCUS01C.cbl,COB,20,179,16,130,33
CBEXPORT.cbl,demo/cbl/CBEXPORT.cbl,COB,42,583,96,396,91
COSGN00C.cbl,demo/cbl/COSGN00C.cbl,COB,16,261,39,173,49
COADM01C.cbl,demo/cbl/COADM01C.cbl,COB,28,289,42,189,58
COACTVW.bms,demo/bms/COACTVW.bms,BMS,1,379,1,357,21
DCLTRTYP.dcl,demo/app-transaction-type-db2/dcl/DCLTRTYP.dcl,CPY,0,50,1,11,38
COTRTLIC.cbl,demo/app-transaction-type-db2/cbl/COTRTLIC.cbl,COB,221,2099,1,1861,237
DBPAUTX0.dbd,demo/app-authorization-ims-db2-mq/ims/DBPAUTX0.dbd,DBD,0,34,0,34,0
COMEN01.bms,demo/bms/COMEN01.bms,BMS,1,168,1,146,21
COUSR03.bms,demo/bms/COUSR03.bms,BMS,1,154,1,132,21
CCPAURLY.cpy,demo/app-authorization-ims-db2-mq/cpy/CCPAURLY.cpy,CPY,0,25,1,6,18
CODATE01.cbl,demo/app-vsam-mq/cbl/CODATE01.cbl,COB,29,525,1,508,16
MNTTRDB2.jcl,demo/app-transaction-type-db2/jcl/MNTTRDB2.jcl,JCL,0,30,0,12,18
COCRDUP.bms,demo/bms/COCRDUP.bms,BMS,1,173,1,151,21
DB2LTCAT.ctl,demo/app-transaction-type-db2/ctl/DB2LTCAT.ctl,SQL,0,40,2,24,14
LOADPADB.JCL,demo/app-authorization-ims-db2-mq/jcl/LOADPADB.JCL,JCL,0,52,1,19,32
CREADB21.jcl,demo/app-transaction-type-db2/jcl/CREADB21.jcl,JCL,2,85,1,40,44
COTRN00C.cbl,demo/cbl/COTRN00C.cbl,COB,88,700,86,532,82
CBIMPORT.cbl,demo/cbl/CBIMPORT.cbl,COB,37,488,76,338,74
COTRTUP.cpy,demo/app-transaction-type-db2/cpy-bms/COTRTUP.cpy,CPY,0,201,1,184,16
PSBPAUTB.psb,demo/app-authorization-ims-db2-mq/ims/PSBPAUTB.psb,PSB,0,21,0,21,0
COACTUP.bms,demo/bms/COACTUP.bms,BMS,1,513,1,491,21
COTRTLI.cpy,demo/app-transaction-type-db2/cpy-bms/COTRTLI.cpy,CPY,0,501,1,484,16
COBTUPDT.cbl,demo/app-transaction-type-db2/cbl/COBTUPDT.cbl,COB,25,238,1,205,32
PADFLPCB.CPY,demo/app-authorization-ims-db2-mq/cpy/PADFLPCB.CPY,CPY,0,27,1,10,16
COTRN00.bms,demo/bms/COTRN00.bms,BMS,1,465,2,442,21
DCLTRCAT.dcl,demo/app-transaction-type-db2/dcl/DCLTRCAT.dcl,CPY,0,55,1,14,40
PAUTBUNL.PSB,demo/app-authorization-ims-db2-mq/ims/PAUTBUNL.PSB,PSB,0,22,0,22,0
CBTRN03C.cbl,demo/cbl/CBTRN03C.cbl,COB,83,650,50,547,53
IMSFUNCS.cpy,demo/app-authorization-ims-db2-mq/cpy/IMSFUNCS.cpy,CPY,0,27,0,11,16
CORPT00.bms,demo/bms/CORPT00.bms,BMS,1,232,1,210,21
COCRDSLC.cbl,demo/cbl/COCRDSLC.cbl,COB,80,888,109,649,130
COPAU01.cpy,demo/app-authorization-ims-db2-mq/cpy-bms/COPAU01.cpy,CPY,0,345,1,328,16
DBPAUTP0.dbd,demo/app-authorization-ims-db2-mq/ims/DBPAUTP0.dbd,DBD,0,41,0,41,0
COCRDLIC.cbl,demo/cbl/COCRDLIC.cbl,COB,136,1460,154,1103,203
COTRTUP.bms,demo/app-transaction-type-db2/bms/COTRTUP.bms,BMS,1,138,1,119,18
XAUTHFRD.ddl,demo/app-authorization-ims-db2-mq/ddl/XAUTHFRD.ddl,SQL,0,5,1,4,0
CCPAUERY.cpy,demo/app-authorization-ims-db2-mq/cpy/CCPAUERY.cpy,CPY,0,41,1,22,18
TRANEXTR.jcl,demo/app-transaction-type-db2/jcl/TRANEXTR.jcl,JCL,4,123,1,83,39
COACTVWC.cbl,demo/cbl/COACTVWC.cbl,COB,75,942,106,706,130
CRDDEMOD.csd,demo/app-transaction-type-db2/csd/CRDDEMOD.csd,CSDCOMMAND,0,60,0,60,0
CBTRN02C.cbl,demo/cbl/CBTRN02C.cbl,COB,89,732,54,619,59
PSBPAUTL.psb,demo/app-authorization-ims-db2-mq/ims/PSBPAUTL.psb,PSB,0,21,0,21,0
COPAU00.bms,demo/app-authorization-ims-db2-mq/bms/COPAU00.bms,BMS,1,516,1,496,19
PASFLPCB.CPY,demo/app-authorization-ims-db2-mq/cpy/PASFLPCB.CPY,CPY,0,27,1,10,16
COACTUPC.cbl,demo/cbl/COACTUPC.cbl,COB,373,4237,355,3390,492
COUSR02.bms,demo/bms/COUSR02.bms,BMS,1,170,1,148,21
MVSWAIT.asm,demo/asm/MVSWAIT.asm,ASM,1,31,1,28,2
CBACT03C.cbl,demo/cbl/CBACT03C.cbl,COB,20,179,16,130,33
COUSR00.bms,demo/bms/COUSR00.bms,BMS,1,464,1,442,21
REPROCT.ctl,demo/app-transaction-type-db2/ctl/REPROCT.ctl,CTL,0,15,0,15,0
COACCT01.cbl,demo/app-vsam-mq/cbl/COACCT01.cbl,COB,32,621,1,601,19
PAUDBUNL.CBL,demo/app-authorization-ims-db2-mq/cbl/PAUDBUNL.CBL,COB,22,318,1,222,95
COUSR01.bms,demo/bms/COUSR01.bms,BMS,1,165,1,143,21
DB2FREE.ctl,demo/app-transaction-type-db2/ctl/DB2FREE.ctl,CTL,0,19,0,19,0
CBACT02C.cbl,demo/cbl/CBACT02C.cbl,COB,20,179,16,129,34
COPAUS0C.cbl,demo/app-authorization-ims-db2-mq/cbl/COPAUS0C.cbl,COB,82,1033,150,801,82
README.md,demo/app-vsam-mq/README.md,UNKNOWN,0,144,38,106,0
CBSTM03A.CBL,demo/cbl/CBSTM03A.CBL,COB,60,925,91,784,50
COBDATFT.asm,demo/asm/COBDATFT.asm,ASM,6,85,1,82,2
COTRN02.bms,demo/bms/COTRN02.bms,BMS,1,308,1,286,21
DB2TEP41.ctl,demo/app-transaction-type-db2/ctl/DB2TEP41.ctl,CTL,0,18,0,18,0
DBPAUTP0.jcl,demo/app-authorization-ims-db2-mq/jcl/DBPAUTP0.jcl,JCL,0,48,1,32,15
DB2TIAD1.ctl,demo/app-transaction-type-db2/ctl/DB2TIAD1.ctl,CTL,0,17,0,17,0
CRDDEMOM.csd,demo/app-vsam-mq/csd/CRDDEMOM.csd,CSDCOMMAND,0,41,0,41,0
COPAU01.bms,demo/app-authorization-ims-db2-mq/bms/COPAU01.bms,BMS,1,295,1,276,18
UNLDPADB.JCL,demo/app-authorization-ims-db2-mq/jcl/UNLDPADB.JCL,JCL,0,70,1,35,34
DB2LTTYP.ctl,demo/app-transaction-type-db2/ctl/DB2LTTYP.ctl,SQL,0,25,1,10,14
AWS.M2.CARDDEMO.IMSDATA.DBPAUTP0.dat,demo/app-authorization-ims-db2-mq/data/EBCDIC/AWS.M2.CARDDEMO.IMSDATA.DBPAUTP0.dat,BINARY,0,0,0,0,0
UNLDGSAM.JCL,demo/app-authorization-ims-db2-mq/jcl/UNLDGSAM.JCL,JCL,0,54,1,23,30
COBIL00.bms,demo/bms/COBIL00.bms,BMS,1,142,2,119,21
README.md,demo/app-authorization-ims-db2-mq/README.md,UNKNOWN,0,358,89,269,0
TRNTYPE.ddl,demo/app-transaction-type-db2/ddl/TRNTYPE.ddl,SQL,0,4,0,4,0
COTRTLI.bms,demo/app-transaction-type-db2/bms/COTRTLI.bms,BMS,1,339,1,320,18
COCRDLI.bms,demo/bms/COCRDLI.bms,BMS,1,345,1,323,21
XTRNTYCAT.ddl,demo/app-transaction-type-db2/ddl/XTRNTYCAT.ddl,SQL,0,6,1,5,0
AUTHFRDS.ddl,demo/app-authorization-ims-db2-mq/ddl/AUTHFRDS.ddl,SQL,0,29,1,28,0
CRDDEMO2.csd,demo/app-authorization-ims-db2-mq/csd/CRDDEMO2.csd,CSDCOMMAND,0,79,0,79,0
AUTHFRDS.dcl,demo/app-authorization-ims-db2-mq/dcl/AUTHFRDS.dcl,CPY,0,90,2,60,28
COSGN00.bms,demo/bms/COSGN00.bms,BMS,1,211,1,189,21
README.md,demo/app-transaction-type-db2/README.md,UNKNOWN,0,149,41,108,0
CSDB2RPY.cpy,demo/app-transaction-type-db2/cpy/CSDB2RPY.cpy,CPY,6,90,2,62,26
PADFLDBD.DBD,demo/app-authorization-ims-db2-mq/ims/PADFLDBD.DBD,DBD,0,30,0,30,0
DB2CREAT.ctl,demo/app-transaction-type-db2/ctl/DB2CREAT.ctl,SQL,0,107,21,72,14
COCRDUPC.cbl,demo/cbl/COCRDUPC.cbl,COB,170,1561,161,1205,195
CBPAUP0J.jcl,demo/app-authorization-ims-db2-mq/jcl/CBPAUP0J.jcl,JCL,0,47,0,22,25
CIPAUDTY.cpy,demo/app-authorization-ims-db2-mq/cpy/CIPAUDTY.cpy,CPY,0,55,1,36,18
PAUTBPCB.CPY,demo/app-authorization-ims-db2-mq/cpy/PAUTBPCB.CPY,CPY,0,27,1,10,16
COPAUS2C.cbl,demo/app-authorization-ims-db2-mq/cbl/COPAUS2C.cbl,COB,5,245,18,203,24
CBPAUP0C.cbl,demo/app-authorization-ims-db2-mq/cbl/CBPAUP0C.cbl,COB,42,387,31,266,90
COPAUS1C.cbl,demo/app-authorization-ims-db2-mq/cbl/COPAUS1C.cbl,COB,47,605,97,469,39
DBUNLDGS.CBL,demo/app-authorization-ims-db2-mq/cbl/DBUNLDGS.CBL,COB,25,367,1,211,155
PAUDBLOD.CBL,demo/app-authorization-ims-db2-mq/cbl/PAUDBLOD.CBL,COB,35,370,1,274,95
COPAU00.cpy,demo/app-authorization-ims-db2-mq/cpy-bms/COPAU00.cpy,CPY,0,765,1,748,16
COTRTUPC.cbl,demo/app-transaction-type-db2/cbl/COTRTUPC.cbl,COB,208,1703,1,1429,273
DLIGSAMP.PSB,demo/app-authorization-ims-db2-mq/ims/DLIGSAMP.PSB,PSB,0,24,0,24,0
CCPAURQY.cpy,demo/app-authorization-ims-db2-mq/cpy/CCPAURQY.cpy,CPY,0,37,1,18,18
CBACT04C.cbl,demo/cbl/CBACT04C.cbl,COB,78,653,48,552,53
COCRDSL.bms,demo/bms/COCRDSL.bms,BMS,1,158,1,136,21
XTRNTYPE.ddl,demo/app-transaction-type-db2/ddl/XTRNTYPE.ddl,SQL,0,6,1,5,0
CSDB2RWY.cpy,demo/app-transaction-type-db2/cpy/CSDB2RWY.cpy,CPY,0,47,1,23,23
PASFLDBD.DBD,demo/app-authorization-ims-db2-mq/ims/PASFLDBD.DBD,DBD,0,30,0,30,0
CIPAUSMY.cpy,demo/app-authorization-ims-db2-mq/cpy/CIPAUSMY.cpy,CPY,0,32,1,13,18
COPAUA0C.cbl,demo/app-authorization-ims-db2-mq/cbl/COPAUA0C.cbl,COB,86,1027,103,772,152