Issue Type,Severity,Name,Description,Impact,Details,Action,File,File Path,Line Number,File Details
"Issue","ERROR","Missing control card detected","One or more missing control cards were detected.","May have impact during the execution.","A JCL control card or configuration file is not present in the analyzed codebase.","Include the missing control card in your source code inputs. If the control card is provided dynamically at runtime (e.g., via an external SYSIN file), ensure it will be available in the target environment when the modernized batch job executes.","DBPAUTP0.jcl","demo/app-authorization-ims-db2-mq/jcl/DBPAUTP0.jcl","","Missing Control Card: DFSVSMDB (Control card)"
"Issue","ERROR","Missing control card detected","One or more missing control cards were detected.","May have impact during the execution.","A JCL control card or configuration file is not present in the analyzed codebase.","Include the missing control card in your source code inputs. If the control card is provided dynamically at runtime (e.g., via an external SYSIN file), ensure it will be available in the target environment when the modernized batch job executes.","LOADPADB.JCL","demo/app-authorization-ims-db2-mq/jcl/LOADPADB.JCL","","Missing Control Card: DFSVSMDB (Control card)"
"Issue","ERROR","Missing control card detected","One or more missing control cards were detected.","May have impact during the execution.","A JCL control card or configuration file is not present in the analyzed codebase.","Include the missing control card in your source code inputs. If the control card is provided dynamically at runtime (e.g., via an external SYSIN file), ensure it will be available in the target environment when the modernized batch job executes.","UNLDGSAM.JCL","demo/app-authorization-ims-db2-mq/jcl/UNLDGSAM.JCL","","Missing Control Card: DFSVSMDB (Control card)"
"Issue","ERROR","Missing control card detected","One or more missing control cards were detected.","May have impact during the execution.","A JCL control card or configuration file is not present in the analyzed codebase.","Include the missing control card in your source code inputs. If the control card is provided dynamically at runtime (e.g., via an external SYSIN file), ensure it will be available in the target environment when the modernized batch job executes.","UNLDPADB.JCL","demo/app-authorization-ims-db2-mq/jcl/UNLDPADB.JCL","","Missing Control Card: DFSVSMDB (Control card)"
"Issue","ERROR","Missing dependency detected","One or more missing dependencies were detected in the dependencies graph.","May have impact on Transform step.","A referenced component could not be found in the analyzed codebase.","Verify the missing component exists in your source code and and include it in the analysis scope.","DBUNLDGS.CBL","demo/app-authorization-ims-db2-mq/cbl/DBUNLDGS.CBL","","Missing Dynamic Call Value: CHILD-UNQUAL-SSA (IMS message invocation; [Dynamic] Call), Missing Dynamic Call Value: ROOT-UNQUAL-SSA (IMS message invocation; [Dynamic] Call)"
"Issue","ERROR","Missing dependency detected","One or more missing dependencies were detected in the dependencies graph.","May have impact on Transform step.","A referenced component could not be found in the analyzed codebase.","Verify the missing component exists in your source code and and include it in the analysis scope.","PAUDBLOD.CBL","demo/app-authorization-ims-db2-mq/cbl/PAUDBLOD.CBL","","Missing Dynamic Call Value: CHILD-UNQUAL-SSA (IMS message invocation; [Dynamic] Call), Missing Dynamic Call Value: ROOT-QUAL-SSA (IMS message invocation; [Dynamic] Call), Missing Dynamic Call Value: ROOT-UNQUAL-SSA (IMS message invocation; [Dynamic] Call)"
"Issue","ERROR","Missing dependency detected","One or more missing dependencies were detected in the dependencies graph.","May have impact on Transform step.","A referenced component could not be found in the analyzed codebase.","Verify the missing component exists in your source code and and include it in the analysis scope.","PAUDBUNL.CBL","demo/app-authorization-ims-db2-mq/cbl/PAUDBUNL.CBL","","Missing Dynamic Call Value: CHILD-UNQUAL-SSA (IMS message invocation; [Dynamic] Call), Missing Dynamic Call Value: ROOT-UNQUAL-SSA (IMS message invocation; [Dynamic] Call)"
"Issue","ERROR","Missing dependency detected","One or more missing dependencies were detected in the dependencies graph.","May have impact on Transform step.","A referenced component could not be found in the analyzed codebase.","Verify the missing component exists in your source code and and include it in the analysis scope.","CBPAUP0J.jcl","demo/app-authorization-ims-db2-mq/jcl/CBPAUP0J.jcl","","Missing [Dataset, PDS]: IMS.SDFSRESL (PDS use; Read Dataset)"
"Issue","ERROR","Missing dependency detected","One or more missing dependencies were detected in the dependencies graph.","May have impact on Transform step.","A referenced component could not be found in the analyzed codebase.","Verify the missing component exists in your source code and and include it in the analysis scope.","DBPAUTP0.jcl","demo/app-authorization-ims-db2-mq/jcl/DBPAUTP0.jcl","","Missing [Dataset, PDS]: OEMA.IMS.IMSP.SDFSRESL (PDS use; Read Dataset), Missing PDS: OEMPP.IMS.V15R01MB.PROCLIB (PDS use)"
"Issue","ERROR","Missing dependency detected","One or more missing dependencies were detected in the dependencies graph.","May have impact on Transform step.","A referenced component could not be found in the analyzed codebase.","Verify the missing component exists in your source code and and include it in the analysis scope.","LOADPADB.JCL","demo/app-authorization-ims-db2-mq/jcl/LOADPADB.JCL","","Missing [Dataset, PDS]: OEMA.IMS.IMSP.SDFSRESL (PDS use; Read Dataset), Missing PDS: OEMPP.IMS.V15R01MB.PROCLIB (PDS use)"
"Issue","ERROR","Missing dependency detected","One or more missing dependencies were detected in the dependencies graph.","May have impact on Transform step.","A referenced component could not be found in the analyzed codebase.","Verify the missing component exists in your source code and and include it in the analysis scope.","UNLDGSAM.JCL","demo/app-authorization-ims-db2-mq/jcl/UNLDGSAM.JCL","","Missing [Dataset, PDS]: OEMA.IMS.IMSP.SDFSRESL (PDS use; Read Dataset), Missing PDS: OEMPP.IMS.V15R01MB.PROCLIB (PDS use)"
"Issue","ERROR","Missing dependency detected","One or more missing dependencies were detected in the dependencies graph.","May have impact on Transform step.","A referenced component could not be found in the analyzed codebase.","Verify the missing component exists in your source code and and include it in the analysis scope.","UNLDPADB.JCL","demo/app-authorization-ims-db2-mq/jcl/UNLDPADB.JCL","","Missing [Dataset, PDS]: OEMA.IMS.IMSP.SDFSRESL (PDS use; Read Dataset), Missing PDS: OEMPP.IMS.V15R01MB.PROCLIB (PDS use)"
"Issue","ERROR","Missing dependency detected","One or more missing dependencies were detected in the dependencies graph.","May have impact on Transform step.","A referenced component could not be found in the analyzed codebase.","Verify the missing component exists in your source code and and include it in the analysis scope.","CSDB2RPY.cpy","demo/app-transaction-type-db2/cpy/CSDB2RPY.cpy","","Missing Dynamic Call Value: LIT-DSNTIAC (Call; [Dynamic] Call)"
"Issue","ERROR","Missing dependency detected","One or more missing dependencies were detected in the dependencies graph.","May have impact on Transform step.","A referenced component could not be found in the analyzed codebase.","Verify the missing component exists in your source code and and include it in the analysis scope.","CREADB21.jcl","demo/app-transaction-type-db2/jcl/CREADB21.jcl","","Missing PDS: OEM.DB2.DAZ1.RUNLIB.LOAD (PDS use; Resolved Symbol), Missing PDS: OEM.DB2.DAZ1.SDSNEXIT (PDS use), Missing [Dataset, PDS]: OEM.DB2.DAZ1.SDSNLOAD (PDS use; Read Dataset; Resolved Symbol)"
"Issue","ERROR","Missing dependency detected","One or more missing dependencies were detected in the dependencies graph.","May have impact on Transform step.","A referenced component could not be found in the analyzed codebase.","Verify the missing component exists in your source code and and include it in the analysis scope.","MNTTRDB2.jcl","demo/app-transaction-type-db2/jcl/MNTTRDB2.jcl","","Missing PDS: OEM.DB2.DAZ1.SDSNEXIT (PDS use)"
"Issue","ERROR","Missing dependency detected","One or more missing dependencies were detected in the dependencies graph.","May have impact on Transform step.","A referenced component could not be found in the analyzed codebase.","Verify the missing component exists in your source code and and include it in the analysis scope.","TRANEXTR.jcl","demo/app-transaction-type-db2/jcl/TRANEXTR.jcl","","Missing PDS: OEM.DB2.DAZ1.RUNLIB.LOAD (PDS use)"
"Issue","ERROR","Missing dependency detected","One or more missing dependencies were detected in the dependencies graph.","May have impact on Transform step.","A referenced component could not be found in the analyzed codebase.","Verify the missing component exists in your source code and and include it in the analysis scope.","COADM01C.cbl","demo/cbl/COADM01C.cbl","","Missing Dynamic Call Value: CDEMO-ADMIN-OPT-PGMNAME (Exec CICS program; [Dynamic] Call)"
"Issue","ERROR","Missing dependency detected","One or more missing dependencies were detected in the dependencies graph.","May have impact on Transform step.","A referenced component could not be found in the analyzed codebase.","Verify the missing component exists in your source code and and include it in the analysis scope.","COMEN01C.cbl","demo/cbl/COMEN01C.cbl","","Missing Dynamic Call Value: CDEMO-MENU-OPT-PGMNAME (Exec CICS program; [Dynamic] Call)"
"Issue","ERROR","Missing dependency detected","One or more missing dependencies were detected in the dependencies graph.","May have impact on Transform step.","A referenced component could not be found in the analyzed codebase.","Verify the missing component exists in your source code and and include it in the analysis scope.","CBADMCDJ.jcl","demo/jcl/CBADMCDJ.jcl","","Missing PDS: OEM.CICSTS.V05R06M0.CICS.SDFHLOAD (PDS use)"
"Issue","ERROR","Missing dependency detected","One or more missing dependencies were detected in the dependencies graph.","May have impact on Transform step.","A referenced component could not be found in the analyzed codebase.","Verify the missing component exists in your source code and and include it in the analysis scope.","TXT2PDF1.JCL","demo/jcl/TXT2PDF1.JCL","","Missing PDS: AWS.M2.LBD.TXT2PDF.LOAD (PDS use)"
"Issue","ERROR","Unknown file type detected","One or more files are classified as UNKNOWN.","May have impact on Transform step.","The classification process was unable to determine the type of one or more files in the codebase. These files may be data files, configuration files, or artifacts in an unrecognized format.","Review the detected unknown files and determine if they are required for the application. If needed, manually classify them or use the correct file extensions.","PROJECT","","","Found 8 file(s) classified as UNKNOWN."
"Issue","ERROR","Unknown file type detected","One or more files are classified as UNKNOWN.","May have impact on Transform step.","The classification process was unable to determine the type of one or more files in the codebase. These files may be data files, configuration files, or artifacts in an unrecognized format.","Review the detected unknown files and determine if they are required for the application. If needed, manually classify them or use the correct file extensions.","README.md","demo/app-authorization-ims-db2-mq/README.md","","File classified as UNKNOWN."
"Issue","ERROR","Unknown file type detected","One or more files are classified as UNKNOWN.","May have impact on Transform step.","The classification process was unable to determine the type of one or more files in the codebase. These files may be data files, configuration files, or artifacts in an unrecognized format.","Review the detected unknown files and determine if they are required for the application. If needed, manually classify them or use the correct file extensions.","README.md","demo/app-transaction-type-db2/README.md","","File classified as UNKNOWN."
"Issue","ERROR","Unknown file type detected","One or more files are classified as UNKNOWN.","May have impact on Transform step.","The classification process was unable to determine the type of one or more files in the codebase. These files may be data files, configuration files, or artifacts in an unrecognized format.","Review the detected unknown files and determine if they are required for the application. If needed, manually classify them or use the correct file extensions.","README.md","demo/app-vsam-mq/README.md","","File classified as UNKNOWN."
"Issue","ERROR","Unknown file type detected","One or more files are classified as UNKNOWN.","May have impact on Transform step.","The classification process was unable to determine the type of one or more files in the codebase. These files may be data files, configuration files, or artifacts in an unrecognized format.","Review the detected unknown files and determine if they are required for the application. If needed, manually classify them or use the correct file extensions.","acctdata.txt","demo/data/ASCII/acctdata.txt","","File classified as UNKNOWN."
"Issue","ERROR","Unknown file type detected","One or more files are classified as UNKNOWN.","May have impact on Transform step.","The classification process was unable to determine the type of one or more files in the codebase. These files may be data files, configuration files, or artifacts in an unrecognized format.","Review the detected unknown files and determine if they are required for the application. If needed, manually classify them or use the correct file extensions.","carddata.txt","demo/data/ASCII/carddata.txt","","File classified as UNKNOWN."
"Issue","ERROR","Unknown file type detected","One or more files are classified as UNKNOWN.","May have impact on Transform step.","The classification process was unable to determine the type of one or more files in the codebase. These files may be data files, configuration files, or artifacts in an unrecognized format.","Review the detected unknown files and determine if they are required for the application. If needed, manually classify them or use the correct file extensions.","custdata.txt","demo/data/ASCII/custdata.txt","","File classified as UNKNOWN."
"Issue","ERROR","Unknown file type detected","One or more files are classified as UNKNOWN.","May have impact on Transform step.","The classification process was unable to determine the type of one or more files in the codebase. These files may be data files, configuration files, or artifacts in an unrecognized format.","Review the detected unknown files and determine if they are required for the application. If needed, manually classify them or use the correct file extensions.","dailytran.txt","demo/data/ASCII/dailytran.txt","","File classified as UNKNOWN."
"Issue","ERROR","Unknown file type detected","One or more files are classified as UNKNOWN.","May have impact on Transform step.","The classification process was unable to determine the type of one or more files in the codebase. These files may be data files, configuration files, or artifacts in an unrecognized format.","Review the detected unknown files and determine if they are required for the application. If needed, manually classify them or use the correct file extensions.","tcatbal.txt","demo/data/ASCII/tcatbal.txt","","File classified as UNKNOWN."
"Issue","ERROR","Unsupported system utility call detected","One or more unsupported system utilities were detected in JCL steps or program CALL statements.","May have impact on Transform step and during execution.","The application uses system Utilities that are not supported by the AWS Blu Age product. These utilities are invoked either through JCL EXEC PGM= statements or through CALL statements in COBOL/PL/I programs.","Review the detected system utility calls in your dependencies graph and consult the documentation for the list of supported system utilities.","PROJECT","","","Found 3 unsupported system utility(ies):,   - AWS.M2.CARDDEMO.LOADLIB,   - DSNTIAC,   - XXXXXXXX.PROD.LOADLIB"
"Issue","ERROR","Unsupported system utility call detected","One or more unsupported system utilities were detected in JCL steps or program CALL statements.","May have impact on Transform step and during execution.","The application uses system Utilities that are not supported by the AWS Blu Age product. These utilities are invoked either through JCL EXEC PGM= statements or through CALL statements in COBOL/PL/I programs.","Review the detected system utility calls in your dependencies graph and consult the documentation for the list of supported system utilities.","CBPAUP0J.jcl","demo/app-authorization-ims-db2-mq/jcl/CBPAUP0J.jcl","","System utility not supported: XXXXXXXX.PROD.LOADLIB"
"Issue","ERROR","Unsupported system utility call detected","One or more unsupported system utilities were detected in JCL steps or program CALL statements.","May have impact on Transform step and during execution.","The application uses system Utilities that are not supported by the AWS Blu Age product. These utilities are invoked either through JCL EXEC PGM= statements or through CALL statements in COBOL/PL/I programs.","Review the detected system utility calls in your dependencies graph and consult the documentation for the list of supported system utilities.","DBPAUTP0.jcl","demo/app-authorization-ims-db2-mq/jcl/DBPAUTP0.jcl","","System utility not supported: AWS.M2.CARDDEMO.LOADLIB"
"Issue","ERROR","Unsupported system utility call detected","One or more unsupported system utilities were detected in JCL steps or program CALL statements.","May have impact on Transform step and during execution.","The application uses system Utilities that are not supported by the AWS Blu Age product. These utilities are invoked either through JCL EXEC PGM= statements or through CALL statements in COBOL/PL/I programs.","Review the detected system utility calls in your dependencies graph and consult the documentation for the list of supported system utilities.","LOADPADB.JCL","demo/app-authorization-ims-db2-mq/jcl/LOADPADB.JCL","","System utility not supported: AWS.M2.CARDDEMO.LOADLIB"
"Issue","ERROR","Unsupported system utility call detected","One or more unsupported system utilities were detected in JCL steps or program CALL statements.","May have impact on Transform step and during execution.","The application uses system Utilities that are not supported by the AWS Blu Age product. These utilities are invoked either through JCL EXEC PGM= statements or through CALL statements in COBOL/PL/I programs.","Review the detected system utility calls in your dependencies graph and consult the documentation for the list of supported system utilities.","UNLDGSAM.JCL","demo/app-authorization-ims-db2-mq/jcl/UNLDGSAM.JCL","","System utility not supported: AWS.M2.CARDDEMO.LOADLIB"
"Issue","ERROR","Unsupported system utility call detected","One or more unsupported system utilities were detected in JCL steps or program CALL statements.","May have impact on Transform step and during execution.","The application uses system Utilities that are not supported by the AWS Blu Age product. These utilities are invoked either through JCL EXEC PGM= statements or through CALL statements in COBOL/PL/I programs.","Review the detected system utility calls in your dependencies graph and consult the documentation for the list of supported system utilities.","UNLDPADB.JCL","demo/app-authorization-ims-db2-mq/jcl/UNLDPADB.JCL","","System utility not supported: AWS.M2.CARDDEMO.LOADLIB"
"Issue","ERROR","Unsupported system utility call detected","One or more unsupported system utilities were detected in JCL steps or program CALL statements.","May have impact on Transform step and during execution.","The application uses system Utilities that are not supported by the AWS Blu Age product. These utilities are invoked either through JCL EXEC PGM= statements or through CALL statements in COBOL/PL/I programs.","Review the detected system utility calls in your dependencies graph and consult the documentation for the list of supported system utilities.","COTRTLIC.cbl","demo/app-transaction-type-db2/cbl/COTRTLIC.cbl","","System utility not supported: DSNTIAC"
"Issue","ERROR","Unsupported system utility call detected","One or more unsupported system utilities were detected in JCL steps or program CALL statements.","May have impact on Transform step and during execution.","The application uses system Utilities that are not supported by the AWS Blu Age product. These utilities are invoked either through JCL EXEC PGM= statements or through CALL statements in COBOL/PL/I programs.","Review the detected system utility calls in your dependencies graph and consult the documentation for the list of supported system utilities.","MNTTRDB2.jcl","demo/app-transaction-type-db2/jcl/MNTTRDB2.jcl","","System utility not supported: AWS.M2.CARDDEMO.LOADLIB"
"Issue","ERROR","Unsupported system utility call detected","One or more unsupported system utilities were detected in JCL steps or program CALL statements.","May have impact on Transform step and during execution.","The application uses system Utilities that are not supported by the AWS Blu Age product. These utilities are invoked either through JCL EXEC PGM= statements or through CALL statements in COBOL/PL/I programs.","Review the detected system utility calls in your dependencies graph and consult the documentation for the list of supported system utilities.","CBEXPORT.jcl","demo/jcl/CBEXPORT.jcl","","System utility not supported: AWS.M2.CARDDEMO.LOADLIB"
"Issue","ERROR","Unsupported system utility call detected","One or more unsupported system utilities were detected in JCL steps or program CALL statements.","May have impact on Transform step and during execution.","The application uses system Utilities that are not supported by the AWS Blu Age product. These utilities are invoked either through JCL EXEC PGM= statements or through CALL statements in COBOL/PL/I programs.","Review the detected system utility calls in your dependencies graph and consult the documentation for the list of supported system utilities.","CBIMPORT.jcl","demo/jcl/CBIMPORT.jcl","","System utility not supported: AWS.M2.CARDDEMO.LOADLIB"
"Issue","ERROR","Unsupported system utility call detected","One or more unsupported system utilities were detected in JCL steps or program CALL statements.","May have impact on Transform step and during execution.","The application uses system Utilities that are not supported by the AWS Blu Age product. These utilities are invoked either through JCL EXEC PGM= statements or through CALL statements in COBOL/PL/I programs.","Review the detected system utility calls in your dependencies graph and consult the documentation for the list of supported system utilities.","CREASTMT.JCL","demo/jcl/CREASTMT.JCL","","System utility not supported: AWS.M2.CARDDEMO.LOADLIB"
"Issue","ERROR","Unsupported system utility call detected","One or more unsupported system utilities were detected in JCL steps or program CALL statements.","May have impact on Transform step and during execution.","The application uses system Utilities that are not supported by the AWS Blu Age product. These utilities are invoked either through JCL EXEC PGM= statements or through CALL statements in COBOL/PL/I programs.","Review the detected system utility calls in your dependencies graph and consult the documentation for the list of supported system utilities.","INTCALC.jcl","demo/jcl/INTCALC.jcl","","System utility not supported: AWS.M2.CARDDEMO.LOADLIB"
"Issue","ERROR","Unsupported system utility call detected","One or more unsupported system utilities were detected in JCL steps or program CALL statements.","May have impact on Transform step and during execution.","The application uses system Utilities that are not supported by the AWS Blu Age product. These utilities are invoked either through JCL EXEC PGM= statements or through CALL statements in COBOL/PL/I programs.","Review the detected system utility calls in your dependencies graph and consult the documentation for the list of supported system utilities.","POSTTRAN.jcl","demo/jcl/POSTTRAN.jcl","","System utility not supported: AWS.M2.CARDDEMO.LOADLIB"
"Issue","ERROR","Unsupported system utility call detected","One or more unsupported system utilities were detected in JCL steps or program CALL statements.","May have impact on Transform step and during execution.","The application uses system Utilities that are not supported by the AWS Blu Age product. These utilities are invoked either through JCL EXEC PGM= statements or through CALL statements in COBOL/PL/I programs.","Review the detected system utility calls in your dependencies graph and consult the documentation for the list of supported system utilities.","READACCT.jcl","demo/jcl/READACCT.jcl","","System utility not supported: AWS.M2.CARDDEMO.LOADLIB"
"Issue","ERROR","Unsupported system utility call detected","One or more unsupported system utilities were detected in JCL steps or program CALL statements.","May have impact on Transform step and during execution.","The application uses system Utilities that are not supported by the AWS Blu Age product. These utilities are invoked either through JCL EXEC PGM= statements or through CALL statements in COBOL/PL/I programs.","Review the detected system utility calls in your dependencies graph and consult the documentation for the list of supported system utilities.","READCARD.jcl","demo/jcl/READCARD.jcl","","System utility not supported: AWS.M2.CARDDEMO.LOADLIB"
"Issue","ERROR","Unsupported system utility call detected","One or more unsupported system utilities were detected in JCL steps or program CALL statements.","May have impact on Transform step and during execution.","The application uses system Utilities that are not supported by the AWS Blu Age product. These utilities are invoked either through JCL EXEC PGM= statements or through CALL statements in COBOL/PL/I programs.","Review the detected system utility calls in your dependencies graph and consult the documentation for the list of supported system utilities.","READCUST.jcl","demo/jcl/READCUST.jcl","","System utility not supported: AWS.M2.CARDDEMO.LOADLIB"
"Issue","ERROR","Unsupported system utility call detected","One or more unsupported system utilities were detected in JCL steps or program CALL statements.","May have impact on Transform step and during execution.","The application uses system Utilities that are not supported by the AWS Blu Age product. These utilities are invoked either through JCL EXEC PGM= statements or through CALL statements in COBOL/PL/I programs.","Review the detected system utility calls in your dependencies graph and consult the documentation for the list of supported system utilities.","READXREF.jcl","demo/jcl/READXREF.jcl","","System utility not supported: AWS.M2.CARDDEMO.LOADLIB"
"Issue","ERROR","Unsupported system utility call detected","One or more unsupported system utilities were detected in JCL steps or program CALL statements.","May have impact on Transform step and during execution.","The application uses system Utilities that are not supported by the AWS Blu Age product. These utilities are invoked either through JCL EXEC PGM= statements or through CALL statements in COBOL/PL/I programs.","Review the detected system utility calls in your dependencies graph and consult the documentation for the list of supported system utilities.","TRANREPT.jcl","demo/jcl/TRANREPT.jcl","","System utility not supported: AWS.M2.CARDDEMO.LOADLIB"
"Issue","ERROR","Unsupported system utility call detected","One or more unsupported system utilities were detected in JCL steps or program CALL statements.","May have impact on Transform step and during execution.","The application uses system Utilities that are not supported by the AWS Blu Age product. These utilities are invoked either through JCL EXEC PGM= statements or through CALL statements in COBOL/PL/I programs.","Review the detected system utility calls in your dependencies graph and consult the documentation for the list of supported system utilities.","WAITSTEP.jcl","demo/jcl/WAITSTEP.jcl","","System utility not supported: AWS.M2.CARDDEMO.LOADLIB"
"Issue","ERROR","Unsupported system utility call detected","One or more unsupported system utilities were detected in JCL steps or program CALL statements.","May have impact on Transform step and during execution.","The application uses system Utilities that are not supported by the AWS Blu Age product. These utilities are invoked either through JCL EXEC PGM= statements or through CALL statements in COBOL/PL/I programs.","Review the detected system utility calls in your dependencies graph and consult the documentation for the list of supported system utilities.","TRANREPT.prc","demo/proc/TRANREPT.prc","","System utility not supported: AWS.M2.CARDDEMO.LOADLIB"
"Issue","WARNING","Unresolved dynamic call value","Calls whose target is held in a variable resolved at runtime, which static analysis cannot determine.","The actual object called is unknown until execution.","Pay careful attention to these calls during the subsequent modernization process.","Please analyse the code to detect possible missing artifacts.","CDEMO-ADMIN-OPT-PGMNAME","COADM01C.cbl","","Exec CICS program; [Dynamic] Call"
"Issue","WARNING","Unresolved dynamic call value","Calls whose target is held in a variable resolved at runtime, which static analysis cannot determine.","The actual object called is unknown until execution.","Pay careful attention to these calls during the subsequent modernization process.","Please analyse the code to detect possible missing artifacts.","CDEMO-MENU-OPT-PGMNAME","COMEN01C.cbl","","Exec CICS program; [Dynamic] Call"
"Issue","WARNING","Unresolved dynamic call value","Calls whose target is held in a variable resolved at runtime, which static analysis cannot determine.","The actual object called is unknown until execution.","Pay careful attention to these calls during the subsequent modernization process.","Please analyse the code to detect possible missing artifacts.","CHILD-UNQUAL-SSA","PAUDBUNL.CBL","","IMS message invocation; [Dynamic] Call"
"Issue","WARNING","Unresolved dynamic call value","Calls whose target is held in a variable resolved at runtime, which static analysis cannot determine.","The actual object called is unknown until execution.","Pay careful attention to these calls during the subsequent modernization process.","Please analyse the code to detect possible missing artifacts.","CHILD-UNQUAL-SSA","DBUNLDGS.CBL","","IMS message invocation; [Dynamic] Call"
"Issue","WARNING","Unresolved dynamic call value","Calls whose target is held in a variable resolved at runtime, which static analysis cannot determine.","The actual object called is unknown until execution.","Pay careful attention to these calls during the subsequent modernization process.","Please analyse the code to detect possible missing artifacts.","CHILD-UNQUAL-SSA","PAUDBLOD.CBL","","IMS message invocation; [Dynamic] Call"
"Issue","WARNING","Unresolved dynamic call value","Calls whose target is held in a variable resolved at runtime, which static analysis cannot determine.","The actual object called is unknown until execution.","Pay careful attention to these calls during the subsequent modernization process.","Please analyse the code to detect possible missing artifacts.","LIT-DSNTIAC","CSDB2RPY.cpy","","Call; [Dynamic] Call"
"Issue","WARNING","Unresolved dynamic call value","Calls whose target is held in a variable resolved at runtime, which static analysis cannot determine.","The actual object called is unknown until execution.","Pay careful attention to these calls during the subsequent modernization process.","Please analyse the code to detect possible missing artifacts.","ROOT-QUAL-SSA","PAUDBLOD.CBL","","IMS message invocation; [Dynamic] Call"
"Issue","WARNING","Unresolved dynamic call value","Calls whose target is held in a variable resolved at runtime, which static analysis cannot determine.","The actual object called is unknown until execution.","Pay careful attention to these calls during the subsequent modernization process.","Please analyse the code to detect possible missing artifacts.","ROOT-UNQUAL-SSA","PAUDBUNL.CBL","","IMS message invocation; [Dynamic] Call"
"Issue","WARNING","Unresolved dynamic call value","Calls whose target is held in a variable resolved at runtime, which static analysis cannot determine.","The actual object called is unknown until execution.","Pay careful attention to these calls during the subsequent modernization process.","Please analyse the code to detect possible missing artifacts.","ROOT-UNQUAL-SSA","DBUNLDGS.CBL","","IMS message invocation; [Dynamic] Call"
"Issue","WARNING","Unresolved dynamic call value","Calls whose target is held in a variable resolved at runtime, which static analysis cannot determine.","The actual object called is unknown until execution.","Pay careful attention to these calls during the subsequent modernization process.","Please analyse the code to detect possible missing artifacts.","ROOT-UNQUAL-SSA","PAUDBLOD.CBL","","IMS message invocation; [Dynamic] Call"