Data Source Name,File Name,File Path,File Type,Step Name,DD Name,DISP,Program Name,Logical Name,Copybook Record Name,Copybook File Path,Access Type,System Program,Data Source Type
AWS.CCDA.CUSTDATA.CLUSTER,DEFCUST.jcl,demo/jcl/DEFCUST.jcl,JCL,STEP05,,,IDCAMS,,,,DELETE,Yes,Dataset
AWS.CUSTDATA.CLUSTER,DEFCUST.jcl,demo/jcl/DEFCUST.jcl,JCL,STEP05,,,IDCAMS,,,,CREATE,Yes,VSAM KSDS
AWS.CUSTDATA.CLUSTER.DATA,DEFCUST.jcl,demo/jcl/DEFCUST.jcl,JCL,STEP05,,,IDCAMS,,,,CREATE,Yes,Dataset
AWS.CUSTDATA.CLUSTER.INDEX,DEFCUST.jcl,demo/jcl/DEFCUST.jcl,JCL,STEP05,,,IDCAMS,,,,CREATE,Yes,Dataset
AWS.M2.CARDDEMO.ACCTDATA.ARRYPS,CBACT01C.cbl,demo/cbl/CBACT01C.cbl,COBOL,,ARRYFILE,,,ARRY-FILE,,,WRITE,,Dataset
AWS.M2.CARDDEMO.ACCTDATA.ARRYPS,READACCT.jcl,demo/jcl/READACCT.jcl,JCL,PREDEL,DD02,"MOD,DELETE,DELETE",IEFBR14,,,,DELETE,Yes,Dataset
AWS.M2.CARDDEMO.ACCTDATA.ARRYPS,READACCT.jcl,demo/jcl/READACCT.jcl,JCL,STEP05,ARRYFILE,"NEW,CATLG,DELETE",CBACT01C,,,,,No,Dataset
AWS.M2.CARDDEMO.ACCTDATA.IMPORT,CBIMPORT.cbl,demo/cbl/CBIMPORT.cbl,COBOL,,ACCTOUT,,,ACCOUNT-OUTPUT,ACCOUNT-RECORD,demo/cpy/CVACT01Y.cpy,WRITE,,Dataset
AWS.M2.CARDDEMO.ACCTDATA.IMPORT,CBIMPORT.jcl,demo/jcl/CBIMPORT.jcl,JCL,STEP01,ACCTOUT,"NEW,CATLG,DELETE",CBIMPORT,,,,,No,Dataset
AWS.M2.CARDDEMO.ACCTDATA.PS,ACCTFILE.jcl,demo/jcl/ACCTFILE.jcl,JCL,STEP15,ACCTDATA,SHR,IDCAMS,,,,READ,Yes,Non VSAM
AWS.M2.CARDDEMO.ACCTDATA.PSCOMP,CBACT01C.cbl,demo/cbl/CBACT01C.cbl,COBOL,,OUTFILE,,,OUT-FILE,,,WRITE,,Dataset
AWS.M2.CARDDEMO.ACCTDATA.PSCOMP,READACCT.jcl,demo/jcl/READACCT.jcl,JCL,PREDEL,DD01,"MOD,DELETE,DELETE",IEFBR14,,,,DELETE,Yes,Dataset
AWS.M2.CARDDEMO.ACCTDATA.PSCOMP,READACCT.jcl,demo/jcl/READACCT.jcl,JCL,STEP05,OUTFILE,"NEW,CATLG,DELETE",CBACT01C,,,,,No,Dataset
AWS.M2.CARDDEMO.ACCTDATA.VBPS,CBACT01C.cbl,demo/cbl/CBACT01C.cbl,COBOL,,VBRCFILE,,,VBRC-FILE,,,WRITE,,Dataset
AWS.M2.CARDDEMO.ACCTDATA.VBPS,READACCT.jcl,demo/jcl/READACCT.jcl,JCL,PREDEL,DD03,"MOD,DELETE,DELETE",IEFBR14,,,,DELETE,Yes,Dataset
AWS.M2.CARDDEMO.ACCTDATA.VBPS,READACCT.jcl,demo/jcl/READACCT.jcl,JCL,STEP05,VBRCFILE,"NEW,CATLG,DELETE",CBACT01C,,,,,No,Dataset
AWS.M2.CARDDEMO.ACCTDATA.VSAM.KSDS,ACCTFILE.jcl,demo/jcl/ACCTFILE.jcl,JCL,STEP05,,,IDCAMS,,,,DELETE,Yes,VSAM KSDS
AWS.M2.CARDDEMO.ACCTDATA.VSAM.KSDS,ACCTFILE.jcl,demo/jcl/ACCTFILE.jcl,JCL,STEP10,,,IDCAMS,,,,CREATE,Yes,VSAM KSDS
AWS.M2.CARDDEMO.ACCTDATA.VSAM.KSDS,ACCTFILE.jcl,demo/jcl/ACCTFILE.jcl,JCL,STEP15,ACCTVSAM,SHR,IDCAMS,,,,WRITE,Yes,VSAM KSDS
AWS.M2.CARDDEMO.ACCTDATA.VSAM.KSDS,CBACT01C.cbl,demo/cbl/CBACT01C.cbl,COBOL,,ACCTFILE,,,ACCTFILE-FILE,ACCOUNT-RECORD,demo/cpy/CVACT01Y.cpy,READ,,VSAM KSDS
AWS.M2.CARDDEMO.ACCTDATA.VSAM.KSDS,CBACT04C.cbl,demo/cbl/CBACT04C.cbl,COBOL,,ACCTFILE,,,ACCOUNT-FILE,ACCOUNT-RECORD,demo/cpy/CVACT01Y.cpy,READ; UPDATE; WRITE,,VSAM KSDS
AWS.M2.CARDDEMO.ACCTDATA.VSAM.KSDS,CBEXPORT.cbl,demo/cbl/CBEXPORT.cbl,COBOL,,ACCTFILE,,,ACCOUNT-INPUT,ACCOUNT-RECORD,demo/cpy/CVACT01Y.cpy,READ,,VSAM KSDS
AWS.M2.CARDDEMO.ACCTDATA.VSAM.KSDS,CBEXPORT.jcl,demo/jcl/CBEXPORT.jcl,JCL,STEP02,ACCTFILE,SHR,CBEXPORT,,,,,No,VSAM KSDS
AWS.M2.CARDDEMO.ACCTDATA.VSAM.KSDS,CBSTM03B.cbl,demo/cbl/CBSTM03B.CBL,COBOL,,ACCTFILE,,,ACCT-FILE,,,READ,,VSAM KSDS
AWS.M2.CARDDEMO.ACCTDATA.VSAM.KSDS,CBTRN02C.cbl,demo/cbl/CBTRN02C.cbl,COBOL,,ACCTFILE,,,ACCOUNT-FILE,ACCOUNT-RECORD,demo/cpy/CVACT01Y.cpy,READ; UPDATE; WRITE,,VSAM KSDS
AWS.M2.CARDDEMO.ACCTDATA.VSAM.KSDS,COACCT01.cbl,demo/app-vsam-mq/cbl/COACCT01.cbl,COBOL,,,,,ACCTDAT,ACCOUNT-RECORD,demo/cpy/CVACT01Y.cpy,READ,,VSAM KSDS
AWS.M2.CARDDEMO.ACCTDATA.VSAM.KSDS,COACTUPC.cbl,demo/cbl/COACTUPC.cbl,COBOL,,,,,ACCTDAT,ACCOUNT-RECORD,demo/cpy/CVACT01Y.cpy,READ; UPDATE; WRITE,,VSAM KSDS
AWS.M2.CARDDEMO.ACCTDATA.VSAM.KSDS,COACTVWC.cbl,demo/cbl/COACTVWC.cbl,COBOL,,,,,ACCTDAT,ACCOUNT-RECORD,demo/cpy/CVACT01Y.cpy,READ,,VSAM KSDS
AWS.M2.CARDDEMO.ACCTDATA.VSAM.KSDS,COBIL00C.cbl,demo/cbl/COBIL00C.cbl,COBOL,,,,,ACCTDAT,ACCOUNT-RECORD,demo/cpy/CVACT01Y.cpy,READ; UPDATE; WRITE,,VSAM KSDS
AWS.M2.CARDDEMO.ACCTDATA.VSAM.KSDS,COPAUA0C.cbl,demo/app-authorization-ims-db2-mq/cbl/COPAUA0C.cbl,COBOL,,,,,ACCTDAT,ACCOUNT-RECORD,demo/cpy/CVACT01Y.cpy,READ,,VSAM KSDS
AWS.M2.CARDDEMO.ACCTDATA.VSAM.KSDS,COPAUS0C.cbl,demo/app-authorization-ims-db2-mq/cbl/COPAUS0C.cbl,COBOL,,,,,ACCTDAT,ACCOUNT-RECORD,demo/cpy/CVACT01Y.cpy,READ,,VSAM KSDS
AWS.M2.CARDDEMO.ACCTDATA.VSAM.KSDS,CREASTMT.JCL,demo/jcl/CREASTMT.JCL,JCL,STEP040,ACCTFILE,SHR,CBSTM03B,,,,,No,VSAM KSDS
AWS.M2.CARDDEMO.ACCTDATA.VSAM.KSDS,INTCALC.jcl,demo/jcl/INTCALC.jcl,JCL,STEP15,ACCTFILE,SHR,CBACT04C,,,,,No,VSAM KSDS
AWS.M2.CARDDEMO.ACCTDATA.VSAM.KSDS,POSTTRAN.jcl,demo/jcl/POSTTRAN.jcl,JCL,STEP15,ACCTFILE,SHR,CBTRN02C,,,,,No,VSAM KSDS
AWS.M2.CARDDEMO.ACCTDATA.VSAM.KSDS,READACCT.jcl,demo/jcl/READACCT.jcl,JCL,STEP05,ACCTFILE,SHR,CBACT01C,,,,,No,VSAM KSDS
AWS.M2.CARDDEMO.ACCTDATA.VSAM.KSDS.DATA,ACCTFILE.jcl,demo/jcl/ACCTFILE.jcl,JCL,STEP10,,,IDCAMS,,,,CREATE,Yes,VSAM DATA
AWS.M2.CARDDEMO.ACCTDATA.VSAM.KSDS.INDEX,ACCTFILE.jcl,demo/jcl/ACCTFILE.jcl,JCL,STEP10,,,IDCAMS,,,,CREATE,Yes,VSAM INDEX
AWS.M2.CARDDEMO.CARDDATA.PS,CARDFILE.jcl,demo/jcl/CARDFILE.jcl,JCL,STEP15,CARDDATA,SHR,IDCAMS,,,,READ,Yes,Non VSAM
AWS.M2.CARDDEMO.CARDDATA.VSAM.AIX,CARDFILE.jcl,demo/jcl/CARDFILE.jcl,JCL,STEP05,,,IDCAMS,,,,DELETE,Yes,VSAM AIX
AWS.M2.CARDDEMO.CARDDATA.VSAM.AIX,CARDFILE.jcl,demo/jcl/CARDFILE.jcl,JCL,STEP40,,,IDCAMS,,,,CREATE,Yes,VSAM AIX
AWS.M2.CARDDEMO.CARDDATA.VSAM.AIX,CARDFILE.jcl,demo/jcl/CARDFILE.jcl,JCL,STEP50,,,IDCAMS,,,,READ,Yes,VSAM AIX
AWS.M2.CARDDEMO.CARDDATA.VSAM.AIX,CARDFILE.jcl,demo/jcl/CARDFILE.jcl,JCL,STEP60,,,IDCAMS,,,,WRITE,Yes,VSAM AIX
AWS.M2.CARDDEMO.CARDDATA.VSAM.AIX.DATA,CARDFILE.jcl,demo/jcl/CARDFILE.jcl,JCL,STEP40,,,IDCAMS,,,,CREATE,Yes,VSAM DATA
AWS.M2.CARDDEMO.CARDDATA.VSAM.AIX.INDEX,CARDFILE.jcl,demo/jcl/CARDFILE.jcl,JCL,STEP40,,,IDCAMS,,,,CREATE,Yes,VSAM INDEX
AWS.M2.CARDDEMO.CARDDATA.VSAM.AIX.PATH,CARDFILE.jcl,demo/jcl/CARDFILE.jcl,JCL,STEP50,,,IDCAMS,,,,CREATE,Yes,VSAM PATH
AWS.M2.CARDDEMO.CARDDATA.VSAM.AIX.PATH,COCRDSLC.cbl,demo/cbl/COCRDSLC.cbl,COBOL,,,,,CARDAIX,CARD-RECORD,demo/cpy/CVACT02Y.cpy,READ,,VSAM PATH
AWS.M2.CARDDEMO.CARDDATA.VSAM.KSDS,CARDFILE.jcl,demo/jcl/CARDFILE.jcl,JCL,STEP05,,,IDCAMS,,,,DELETE,Yes,VSAM KSDS
AWS.M2.CARDDEMO.CARDDATA.VSAM.KSDS,CARDFILE.jcl,demo/jcl/CARDFILE.jcl,JCL,STEP10,,,IDCAMS,,,,CREATE,Yes,VSAM KSDS
AWS.M2.CARDDEMO.CARDDATA.VSAM.KSDS,CARDFILE.jcl,demo/jcl/CARDFILE.jcl,JCL,STEP15,CARDVSAM,SHR,IDCAMS,,,,WRITE,Yes,VSAM KSDS
AWS.M2.CARDDEMO.CARDDATA.VSAM.KSDS,CARDFILE.jcl,demo/jcl/CARDFILE.jcl,JCL,STEP40,,,IDCAMS,,,,READ,Yes,VSAM KSDS
AWS.M2.CARDDEMO.CARDDATA.VSAM.KSDS,CARDFILE.jcl,demo/jcl/CARDFILE.jcl,JCL,STEP60,,,IDCAMS,,,,READ,Yes,VSAM KSDS
AWS.M2.CARDDEMO.CARDDATA.VSAM.KSDS,CBACT02C.cbl,demo/cbl/CBACT02C.cbl,COBOL,,CARDFILE,,,CARDFILE-FILE,CARD-RECORD,demo/cpy/CVACT02Y.cpy,READ,,VSAM KSDS
AWS.M2.CARDDEMO.CARDDATA.VSAM.KSDS,CBEXPORT.cbl,demo/cbl/CBEXPORT.cbl,COBOL,,CARDFILE,,,CARD-INPUT,CARD-RECORD,demo/cpy/CVACT02Y.cpy,READ,,VSAM KSDS
AWS.M2.CARDDEMO.CARDDATA.VSAM.KSDS,CBEXPORT.jcl,demo/jcl/CBEXPORT.jcl,JCL,STEP02,CARDFILE,SHR,CBEXPORT,,,,,No,VSAM KSDS
AWS.M2.CARDDEMO.CARDDATA.VSAM.KSDS,COCRDLIC.cbl,demo/cbl/COCRDLIC.cbl,COBOL,,,,,CARDDAT,CARD-RECORD,demo/cpy/CVACT02Y.cpy,READ,,VSAM KSDS
AWS.M2.CARDDEMO.CARDDATA.VSAM.KSDS,COCRDSLC.cbl,demo/cbl/COCRDSLC.cbl,COBOL,,,,,CARDDAT,CARD-RECORD,demo/cpy/CVACT02Y.cpy,READ,,VSAM KSDS
AWS.M2.CARDDEMO.CARDDATA.VSAM.KSDS,COCRDUPC.cbl,demo/cbl/COCRDUPC.cbl,COBOL,,,,,CARDDAT,CARD-RECORD,demo/cpy/CVACT02Y.cpy,READ; UPDATE; WRITE,,VSAM KSDS
AWS.M2.CARDDEMO.CARDDATA.VSAM.KSDS,READCARD.jcl,demo/jcl/READCARD.jcl,JCL,STEP05,CARDFILE,SHR,CBACT02C,,,,,No,VSAM KSDS
AWS.M2.CARDDEMO.CARDDATA.VSAM.KSDS.DATA,CARDFILE.jcl,demo/jcl/CARDFILE.jcl,JCL,STEP10,,,IDCAMS,,,,CREATE,Yes,VSAM DATA
AWS.M2.CARDDEMO.CARDDATA.VSAM.KSDS.INDEX,CARDFILE.jcl,demo/jcl/CARDFILE.jcl,JCL,STEP10,,,IDCAMS,,,,CREATE,Yes,VSAM INDEX
AWS.M2.CARDDEMO.CARDXREF.IMPORT,CBIMPORT.cbl,demo/cbl/CBIMPORT.cbl,COBOL,,XREFOUT,,,XREF-OUTPUT,CARD-XREF-RECORD,demo/cpy/CVACT03Y.cpy,WRITE,,Dataset
AWS.M2.CARDDEMO.CARDXREF.IMPORT,CBIMPORT.jcl,demo/jcl/CBIMPORT.jcl,JCL,STEP01,XREFOUT,"NEW,CATLG,DELETE",CBIMPORT,,,,,No,Dataset
AWS.M2.CARDDEMO.CARDXREF.PS,XREFFILE.jcl,demo/jcl/XREFFILE.jcl,JCL,STEP15,XREFDATA,SHR,IDCAMS,,,,READ,Yes,Non VSAM
AWS.M2.CARDDEMO.CARDXREF.VSAM.AIX,XREFFILE.jcl,demo/jcl/XREFFILE.jcl,JCL,STEP05,,,IDCAMS,,,,DELETE,Yes,VSAM AIX
AWS.M2.CARDDEMO.CARDXREF.VSAM.AIX,XREFFILE.jcl,demo/jcl/XREFFILE.jcl,JCL,STEP20,,,IDCAMS,,,,CREATE,Yes,VSAM AIX
AWS.M2.CARDDEMO.CARDXREF.VSAM.AIX,XREFFILE.jcl,demo/jcl/XREFFILE.jcl,JCL,STEP25,,,IDCAMS,,,,READ,Yes,VSAM AIX
AWS.M2.CARDDEMO.CARDXREF.VSAM.AIX,XREFFILE.jcl,demo/jcl/XREFFILE.jcl,JCL,STEP30,,,IDCAMS,,,,WRITE,Yes,VSAM AIX
AWS.M2.CARDDEMO.CARDXREF.VSAM.AIX.DATA,XREFFILE.jcl,demo/jcl/XREFFILE.jcl,JCL,STEP20,,,IDCAMS,,,,CREATE,Yes,VSAM DATA
AWS.M2.CARDDEMO.CARDXREF.VSAM.AIX.INDEX,XREFFILE.jcl,demo/jcl/XREFFILE.jcl,JCL,STEP20,,,IDCAMS,,,,CREATE,Yes,VSAM INDEX
AWS.M2.CARDDEMO.CARDXREF.VSAM.AIX.PATH,CBACT04C.cbl,demo/cbl/CBACT04C.cbl,COBOL,,XREFFIL1,,,,,,,,VSAM PATH
AWS.M2.CARDDEMO.CARDXREF.VSAM.AIX.PATH,COACTUPC.cbl,demo/cbl/COACTUPC.cbl,COBOL,,,,,CXACAIX,CARD-XREF-RECORD,demo/cpy/CVACT03Y.cpy,READ,,VSAM PATH
AWS.M2.CARDDEMO.CARDXREF.VSAM.AIX.PATH,COACTVWC.cbl,demo/cbl/COACTVWC.cbl,COBOL,,,,,CXACAIX,CARD-XREF-RECORD,demo/cpy/CVACT03Y.cpy,READ,,VSAM PATH
AWS.M2.CARDDEMO.CARDXREF.VSAM.AIX.PATH,COBIL00C.cbl,demo/cbl/COBIL00C.cbl,COBOL,,,,,CXACAIX,CARD-XREF-RECORD,demo/cpy/CVACT03Y.cpy,READ,,VSAM PATH
AWS.M2.CARDDEMO.CARDXREF.VSAM.AIX.PATH,COPAUS0C.cbl,demo/app-authorization-ims-db2-mq/cbl/COPAUS0C.cbl,COBOL,,,,,CXACAIX,CARD-XREF-RECORD,demo/cpy/CVACT03Y.cpy,READ,,VSAM PATH
AWS.M2.CARDDEMO.CARDXREF.VSAM.AIX.PATH,COTRN02C.cbl,demo/cbl/COTRN02C.cbl,COBOL,,,,,CXACAIX,CARD-XREF-RECORD,demo/cpy/CVACT03Y.cpy,READ,,VSAM PATH
AWS.M2.CARDDEMO.CARDXREF.VSAM.AIX.PATH,INTCALC.jcl,demo/jcl/INTCALC.jcl,JCL,STEP15,XREFFIL1,SHR,CBACT04C,,,,,No,VSAM PATH
AWS.M2.CARDDEMO.CARDXREF.VSAM.AIX.PATH,XREFFILE.jcl,demo/jcl/XREFFILE.jcl,JCL,STEP25,,,IDCAMS,,,,CREATE,Yes,VSAM PATH
AWS.M2.CARDDEMO.CARDXREF.VSAM.KSDS,CBACT03C.cbl,demo/cbl/CBACT03C.cbl,COBOL,,XREFFILE,,,XREFFILE-FILE,CARD-XREF-RECORD,demo/cpy/CVACT03Y.cpy,READ,,VSAM KSDS
AWS.M2.CARDDEMO.CARDXREF.VSAM.KSDS,CBACT04C.cbl,demo/cbl/CBACT04C.cbl,COBOL,,XREFFILE,,,XREF-FILE,CARD-XREF-RECORD,demo/cpy/CVACT03Y.cpy,READ,,VSAM KSDS
AWS.M2.CARDDEMO.CARDXREF.VSAM.KSDS,CBEXPORT.cbl,demo/cbl/CBEXPORT.cbl,COBOL,,XREFFILE,,,XREF-INPUT,CARD-XREF-RECORD,demo/cpy/CVACT03Y.cpy,READ,,VSAM KSDS
AWS.M2.CARDDEMO.CARDXREF.VSAM.KSDS,CBEXPORT.jcl,demo/jcl/CBEXPORT.jcl,JCL,STEP02,XREFFILE,SHR,CBEXPORT,,,,,No,VSAM KSDS
AWS.M2.CARDDEMO.CARDXREF.VSAM.KSDS,CBSTM03B.cbl,demo/cbl/CBSTM03B.CBL,COBOL,,XREFFILE,,,XREF-FILE,,,READ,,VSAM KSDS
AWS.M2.CARDDEMO.CARDXREF.VSAM.KSDS,CBTRN02C.cbl,demo/cbl/CBTRN02C.cbl,COBOL,,XREFFILE,,,XREF-FILE,CARD-XREF-RECORD,demo/cpy/CVACT03Y.cpy,READ,,VSAM KSDS
AWS.M2.CARDDEMO.CARDXREF.VSAM.KSDS,CBTRN03C.cbl,demo/cbl/CBTRN03C.cbl,COBOL,,CARDXREF,,,XREF-FILE,CARD-XREF-RECORD,demo/cpy/CVACT03Y.cpy,READ,,VSAM KSDS
AWS.M2.CARDDEMO.CARDXREF.VSAM.KSDS,COPAUA0C.cbl,demo/app-authorization-ims-db2-mq/cbl/COPAUA0C.cbl,COBOL,,,,,CCXREF,CARD-XREF-RECORD,demo/cpy/CVACT03Y.cpy,READ,,VSAM KSDS
AWS.M2.CARDDEMO.CARDXREF.VSAM.KSDS,COTRN02C.cbl,demo/cbl/COTRN02C.cbl,COBOL,,,,,CCXREF,CARD-XREF-RECORD,demo/cpy/CVACT03Y.cpy,READ,,VSAM KSDS
AWS.M2.CARDDEMO.CARDXREF.VSAM.KSDS,CREASTMT.JCL,demo/jcl/CREASTMT.JCL,JCL,STEP040,XREFFILE,SHR,CBSTM03B,,,,,No,VSAM KSDS
AWS.M2.CARDDEMO.CARDXREF.VSAM.KSDS,INTCALC.jcl,demo/jcl/INTCALC.jcl,JCL,STEP15,XREFFILE,SHR,CBACT04C,,,,,No,VSAM KSDS
AWS.M2.CARDDEMO.CARDXREF.VSAM.KSDS,POSTTRAN.jcl,demo/jcl/POSTTRAN.jcl,JCL,STEP15,XREFFILE,SHR,CBTRN02C,,,,,No,VSAM KSDS
AWS.M2.CARDDEMO.CARDXREF.VSAM.KSDS,READXREF.jcl,demo/jcl/READXREF.jcl,JCL,STEP05,XREFFILE,SHR,CBACT03C,,,,,No,VSAM KSDS
AWS.M2.CARDDEMO.CARDXREF.VSAM.KSDS,TRANREPT.jcl,demo/jcl/TRANREPT.jcl,JCL,STEP10R,CARDXREF,SHR,CBTRN03C,,,,,No,VSAM KSDS
AWS.M2.CARDDEMO.CARDXREF.VSAM.KSDS,XREFFILE.jcl,demo/jcl/XREFFILE.jcl,JCL,STEP05,,,IDCAMS,,,,DELETE,Yes,VSAM KSDS
AWS.M2.CARDDEMO.CARDXREF.VSAM.KSDS,XREFFILE.jcl,demo/jcl/XREFFILE.jcl,JCL,STEP10,,,IDCAMS,,,,CREATE,Yes,VSAM KSDS
AWS.M2.CARDDEMO.CARDXREF.VSAM.KSDS,XREFFILE.jcl,demo/jcl/XREFFILE.jcl,JCL,STEP15,XREFVSAM,SHR,IDCAMS,,,,WRITE,Yes,VSAM KSDS
AWS.M2.CARDDEMO.CARDXREF.VSAM.KSDS,XREFFILE.jcl,demo/jcl/XREFFILE.jcl,JCL,STEP20,,,IDCAMS,,,,READ,Yes,VSAM KSDS
AWS.M2.CARDDEMO.CARDXREF.VSAM.KSDS,XREFFILE.jcl,demo/jcl/XREFFILE.jcl,JCL,STEP30,,,IDCAMS,,,,READ,Yes,VSAM KSDS
AWS.M2.CARDDEMO.CARDXREF.VSAM.KSDS.DATA,XREFFILE.jcl,demo/jcl/XREFFILE.jcl,JCL,STEP10,,,IDCAMS,,,,CREATE,Yes,VSAM DATA
AWS.M2.CARDDEMO.CARDXREF.VSAM.KSDS.INDEX,XREFFILE.jcl,demo/jcl/XREFFILE.jcl,JCL,STEP10,,,IDCAMS,,,,CREATE,Yes,VSAM INDEX
AWS.M2.CARDDEMO.CNTL(DB2CREAT),CREADB21.jcl,demo/app-transaction-type-db2/jcl/CREADB21.jcl,JCL,CRCRDDB,,SHR,IKJEFT01/DSNTIAD,,,,,No,Non VSAM
AWS.M2.CARDDEMO.CNTL(DB2FREE),CREADB21.jcl,demo/app-transaction-type-db2/jcl/CREADB21.jcl,JCL,FREEPLN,SYSTSIN,SHR,IKJEFT01/DSN,,,,,No,Non VSAM
AWS.M2.CARDDEMO.CNTL(DB2LTCAT),CREADB21.jcl,demo/app-transaction-type-db2/jcl/CREADB21.jcl,JCL,LDTCCAT,,SHR,IKJEFT01/DSNTEP4,,,,,No,Non VSAM
AWS.M2.CARDDEMO.CNTL(DB2LTTYP),CREADB21.jcl,demo/app-transaction-type-db2/jcl/CREADB21.jcl,JCL,RUNTEP2,,SHR,IKJEFT01/DSNTEP4,,,,,No,Non VSAM
AWS.M2.CARDDEMO.CNTL(DB2TEP41),CREADB21.jcl,demo/app-transaction-type-db2/jcl/CREADB21.jcl,JCL,RUNTEP2,SYSTSIN,SHR,IKJEFT01/DSNTEP4,,,,,No,Non VSAM
AWS.M2.CARDDEMO.CNTL(DB2TEP41),CREADB21.jcl,demo/app-transaction-type-db2/jcl/CREADB21.jcl,JCL,LDTCCAT,SYSTSIN,SHR,IKJEFT01/DSNTEP4,,,,,No,Non VSAM
AWS.M2.CARDDEMO.CNTL(DB2TIAD1),CREADB21.jcl,demo/app-transaction-type-db2/jcl/CREADB21.jcl,JCL,CRCRDDB,SYSTSIN,SHR,IKJEFT01/DSNTIAD,,,,,No,Non VSAM
AWS.M2.CARDDEMO.CNTL(REPROCT),PRTCATBL.jcl,demo/jcl/PRTCATBL.jcl,JCL,STEP05R.PRC001,,SHR,IDCAMS,,,,,Yes,Non VSAM
AWS.M2.CARDDEMO.CNTL(REPROCT),TRANBKP.jcl,demo/jcl/TRANBKP.jcl,JCL,STEP05R.PRC001,,SHR,IDCAMS,,,,,Yes,Non VSAM
AWS.M2.CARDDEMO.CNTL(REPROCT),TRANREPT.jcl,demo/jcl/TRANREPT.jcl,JCL,STEP05R.PRC001,,SHR,IDCAMS,,,,,Yes,Non VSAM
AWS.M2.CARDDEMO.CUSTDATA.IMPORT,CBIMPORT.cbl,demo/cbl/CBIMPORT.cbl,COBOL,,CUSTOUT,,,CUSTOMER-OUTPUT,CUSTOMER-RECORD,demo/cpy/CVCUS01Y.cpy,WRITE,,Dataset
AWS.M2.CARDDEMO.CUSTDATA.IMPORT,CBIMPORT.jcl,demo/jcl/CBIMPORT.jcl,JCL,STEP01,CUSTOUT,"NEW,CATLG,DELETE",CBIMPORT,,,,,No,Dataset
AWS.M2.CARDDEMO.CUSTDATA.PS,CUSTFILE.jcl,demo/jcl/CUSTFILE.jcl,JCL,STEP15,CUSTDATA,SHR,IDCAMS,,,,READ,Yes,Non VSAM
AWS.M2.CARDDEMO.CUSTDATA.VSAM.KSDS,CBCUS01C.cbl,demo/cbl/CBCUS01C.cbl,COBOL,,CUSTFILE,,,CUSTFILE-FILE,CUSTOMER-RECORD,demo/cpy/CVCUS01Y.cpy,READ,,VSAM KSDS
AWS.M2.CARDDEMO.CUSTDATA.VSAM.KSDS,CBEXPORT.cbl,demo/cbl/CBEXPORT.cbl,COBOL,,CUSTFILE,,,CUSTOMER-INPUT,CUSTOMER-RECORD,demo/cpy/CVCUS01Y.cpy,READ,,VSAM KSDS
AWS.M2.CARDDEMO.CUSTDATA.VSAM.KSDS,CBEXPORT.jcl,demo/jcl/CBEXPORT.jcl,JCL,STEP02,CUSTFILE,SHR,CBEXPORT,,,,,No,VSAM KSDS
AWS.M2.CARDDEMO.CUSTDATA.VSAM.KSDS,CBSTM03B.cbl,demo/cbl/CBSTM03B.CBL,COBOL,,CUSTFILE,,,CUST-FILE,,,READ,,VSAM KSDS
AWS.M2.CARDDEMO.CUSTDATA.VSAM.KSDS,COACTUPC.cbl,demo/cbl/COACTUPC.cbl,COBOL,,,,,CUSTDAT,CUSTOMER-RECORD,demo/cpy/CVCUS01Y.cpy,READ; UPDATE; WRITE,,VSAM KSDS
AWS.M2.CARDDEMO.CUSTDATA.VSAM.KSDS,COACTVWC.cbl,demo/cbl/COACTVWC.cbl,COBOL,,,,,CUSTDAT,CUSTOMER-RECORD,demo/cpy/CVCUS01Y.cpy,READ,,VSAM KSDS
AWS.M2.CARDDEMO.CUSTDATA.VSAM.KSDS,COPAUA0C.cbl,demo/app-authorization-ims-db2-mq/cbl/COPAUA0C.cbl,COBOL,,,,,CUSTDAT,CUSTOMER-RECORD,demo/cpy/CVCUS01Y.cpy,READ,,VSAM KSDS
AWS.M2.CARDDEMO.CUSTDATA.VSAM.KSDS,COPAUS0C.cbl,demo/app-authorization-ims-db2-mq/cbl/COPAUS0C.cbl,COBOL,,,,,CUSTDAT,CUSTOMER-RECORD,demo/cpy/CVCUS01Y.cpy,READ,,VSAM KSDS
AWS.M2.CARDDEMO.CUSTDATA.VSAM.KSDS,CREASTMT.JCL,demo/jcl/CREASTMT.JCL,JCL,STEP040,CUSTFILE,SHR,CBSTM03B,,,,,No,VSAM KSDS
AWS.M2.CARDDEMO.CUSTDATA.VSAM.KSDS,CUSTFILE.jcl,demo/jcl/CUSTFILE.jcl,JCL,STEP05,,,IDCAMS,,,,DELETE,Yes,VSAM KSDS
AWS.M2.CARDDEMO.CUSTDATA.VSAM.KSDS,CUSTFILE.jcl,demo/jcl/CUSTFILE.jcl,JCL,STEP10,,,IDCAMS,,,,CREATE,Yes,VSAM KSDS
AWS.M2.CARDDEMO.CUSTDATA.VSAM.KSDS,CUSTFILE.jcl,demo/jcl/CUSTFILE.jcl,JCL,STEP15,CUSTVSAM,SHR,IDCAMS,,,,WRITE,Yes,VSAM KSDS
AWS.M2.CARDDEMO.CUSTDATA.VSAM.KSDS,READCUST.jcl,demo/jcl/READCUST.jcl,JCL,STEP05,CUSTFILE,SHR,CBCUS01C,,,,,No,VSAM KSDS
AWS.M2.CARDDEMO.CUSTDATA.VSAM.KSDS.DATA,CUSTFILE.jcl,demo/jcl/CUSTFILE.jcl,JCL,STEP10,,,IDCAMS,,,,CREATE,Yes,VSAM DATA
AWS.M2.CARDDEMO.CUSTDATA.VSAM.KSDS.INDEX,CUSTFILE.jcl,demo/jcl/CUSTFILE.jcl,JCL,STEP10,,,IDCAMS,,,,CREATE,Yes,VSAM INDEX
AWS.M2.CARDDEMO.DALYREJS,CBTRN02C.cbl,demo/cbl/CBTRN02C.cbl,COBOL,,DALYREJS,,,DALYREJS-FILE,,,WRITE,,GDG Base
AWS.M2.CARDDEMO.DALYREJS,DALYREJS.jcl,demo/jcl/DALYREJS.jcl,JCL,STEP05,,,IDCAMS,,,,CREATE,Yes,GDG Base
AWS.M2.CARDDEMO.DALYREJS,POSTTRAN.jcl,demo/jcl/POSTTRAN.jcl,JCL,STEP15,DALYREJS,"NEW,CATLG,DELETE",CBTRN02C,,,,,No,GDG Base
AWS.M2.CARDDEMO.DALYTRAN.PS,CBTRN02C.cbl,demo/cbl/CBTRN02C.cbl,COBOL,,DALYTRAN,,,DALYTRAN-FILE,DALYTRAN-RECORD,demo/cpy/CVTRA06Y.cpy,READ,,Non VSAM
AWS.M2.CARDDEMO.DALYTRAN.PS,POSTTRAN.jcl,demo/jcl/POSTTRAN.jcl,JCL,STEP15,DALYTRAN,SHR,CBTRN02C,,,,,No,Non VSAM
AWS.M2.CARDDEMO.DALYTRAN.PS.INIT,TRANFILE.jcl,demo/jcl/TRANFILE.jcl,JCL,STEP15,TRANSACT,SHR,IDCAMS,,,,READ,Yes,Non VSAM
AWS.M2.CARDDEMO.DATEPARM,CBTRN03C.cbl,demo/cbl/CBTRN03C.cbl,COBOL,,DATEPARM,,,DATE-PARMS-FILE,,,READ,,Non VSAM
AWS.M2.CARDDEMO.DATEPARM,TRANREPT.jcl,demo/jcl/TRANREPT.jcl,JCL,STEP10R,DATEPARM,SHR,CBTRN03C,,,,,No,Non VSAM
AWS.M2.CARDDEMO.DBRMLIB,COBTUPDT.cbl,demo/app-transaction-type-db2/cbl/COBTUPDT.cbl,COBOL,,DBRMLIB,,,,,,,,Dataset
AWS.M2.CARDDEMO.DBRMLIB,MNTTRDB2.jcl,demo/app-transaction-type-db2/jcl/MNTTRDB2.jcl,JCL,STEP1,DBRMLIB,SHR,IKJEFT01/COBTUPDT,,,,,No,Dataset
AWS.M2.CARDDEMO.DISCGRP.BKUP,DEFGDGD.jcl,demo/jcl/DEFGDGD.jcl,JCL,STEP50,,,IDCAMS,,,,CREATE,Yes,GDG BASE
AWS.M2.CARDDEMO.DISCGRP.BKUP,DEFGDGD.jcl,demo/jcl/DEFGDGD.jcl,JCL,STEP60,SYSUT2,"NEW,CATLG",IEBGENER,,,,WRITE,Yes,GDG BASE
AWS.M2.CARDDEMO.DISCGRP.PS,DEFGDGD.jcl,demo/jcl/DEFGDGD.jcl,JCL,STEP60,SYSUT1,SHR,IEBGENER,,,,READ,Yes,Non VSAM
AWS.M2.CARDDEMO.DISCGRP.PS,DISCGRP.jcl,demo/jcl/DISCGRP.jcl,JCL,STEP15,DISCGRP,SHR,IDCAMS,,,,READ,Yes,Non VSAM
AWS.M2.CARDDEMO.DISCGRP.VSAM.KSDS,CBACT04C.cbl,demo/cbl/CBACT04C.cbl,COBOL,,DISCGRP,,,DISCGRP-FILE,DIS-GROUP-RECORD,demo/cpy/CVTRA02Y.cpy,READ,,VSAM KSDS
AWS.M2.CARDDEMO.DISCGRP.VSAM.KSDS,DISCGRP.jcl,demo/jcl/DISCGRP.jcl,JCL,STEP05,,,IDCAMS,,,,DELETE,Yes,VSAM KSDS
AWS.M2.CARDDEMO.DISCGRP.VSAM.KSDS,DISCGRP.jcl,demo/jcl/DISCGRP.jcl,JCL,STEP10,,,IDCAMS,,,,CREATE,Yes,VSAM KSDS
AWS.M2.CARDDEMO.DISCGRP.VSAM.KSDS,DISCGRP.jcl,demo/jcl/DISCGRP.jcl,JCL,STEP15,DISCVSAM,OLD,IDCAMS,,,,WRITE,Yes,VSAM KSDS
AWS.M2.CARDDEMO.DISCGRP.VSAM.KSDS,INTCALC.jcl,demo/jcl/INTCALC.jcl,JCL,STEP15,DISCGRP,SHR,CBACT04C,,,,,No,VSAM KSDS
AWS.M2.CARDDEMO.DISCGRP.VSAM.KSDS.DATA,DISCGRP.jcl,demo/jcl/DISCGRP.jcl,JCL,STEP10,,,IDCAMS,,,,CREATE,Yes,VSAM DATA
AWS.M2.CARDDEMO.DISCGRP.VSAM.KSDS.INDEX,DISCGRP.jcl,demo/jcl/DISCGRP.jcl,JCL,STEP10,,,IDCAMS,,,,CREATE,Yes,VSAM INDEX
AWS.M2.CARDDEMO.ESDSRRDS.PS,ESDSRRDS.jcl,demo/jcl/ESDSRRDS.jcl,JCL,PREDEL,DD01,"MOD,DELETE,DELETE",IEFBR14,,,,DELETE,Yes,Dataset
AWS.M2.CARDDEMO.ESDSRRDS.PS,ESDSRRDS.jcl,demo/jcl/ESDSRRDS.jcl,JCL,STEP01,SYSUT2,"NEW,CATLG,DELETE",IEBGENER,,,,WRITE,Yes,Dataset
AWS.M2.CARDDEMO.ESDSRRDS.PS,ESDSRRDS.jcl,demo/jcl/ESDSRRDS.jcl,JCL,STEP03,IN,SHR,IDCAMS,,,,READ,Yes,Dataset
AWS.M2.CARDDEMO.ESDSRRDS.PS,ESDSRRDS.jcl,demo/jcl/ESDSRRDS.jcl,JCL,STEP05,IN,SHR,IDCAMS,,,,READ,Yes,Dataset
AWS.M2.CARDDEMO.EXPORT.DATA,CBEXPORT.cbl,demo/cbl/CBEXPORT.cbl,COBOL,,EXPFILE,,,EXPORT-OUTPUT,EXPORT-RECORD,demo/cpy/CVEXPORT.cpy,WRITE,,VSAM KSDS
AWS.M2.CARDDEMO.EXPORT.DATA,CBEXPORT.jcl,demo/jcl/CBEXPORT.jcl,JCL,STEP01,,,IDCAMS,,,,DELETE; CREATE,Yes,VSAM KSDS
AWS.M2.CARDDEMO.EXPORT.DATA,CBEXPORT.jcl,demo/jcl/CBEXPORT.jcl,JCL,STEP02,EXPFILE,SHR,CBEXPORT,,,,,No,VSAM KSDS
AWS.M2.CARDDEMO.EXPORT.DATA,CBIMPORT.cbl,demo/cbl/CBIMPORT.cbl,COBOL,,EXPFILE,,,EXPORT-INPUT,EXPORT-RECORD,demo/cpy/CVEXPORT.cpy,READ,,VSAM KSDS
AWS.M2.CARDDEMO.EXPORT.DATA,CBIMPORT.jcl,demo/jcl/CBIMPORT.jcl,JCL,STEP01,EXPFILE,SHR,CBIMPORT,,,,,No,VSAM KSDS
AWS.M2.CARDDEMO.EXPORT.DATA.DATA,CBEXPORT.jcl,demo/jcl/CBEXPORT.jcl,JCL,STEP01,,,IDCAMS,,,,CREATE,Yes,Dataset
AWS.M2.CARDDEMO.EXPORT.DATA.INDEX,CBEXPORT.jcl,demo/jcl/CBEXPORT.jcl,JCL,STEP01,,,IDCAMS,,,,CREATE,Yes,Dataset
AWS.M2.CARDDEMO.IMPORT.ERRORS,CBIMPORT.cbl,demo/cbl/CBIMPORT.cbl,COBOL,,ERROUT,,,ERROR-OUTPUT,,,WRITE,,Dataset
AWS.M2.CARDDEMO.IMPORT.ERRORS,CBIMPORT.jcl,demo/jcl/CBIMPORT.jcl,JCL,STEP01,ERROUT,"NEW,CATLG,DELETE",CBIMPORT,,,,,No,Dataset
AWS.M2.CARDDEMO.IMSDATA.DBPAUTP0,DBPAUTP0.jcl,demo/app-authorization-ims-db2-mq/jcl/DBPAUTP0.jcl,JCL,STEPDEL,SYSUT1,"MOD,DELETE",IEFBR14,,,,DELETE,Yes,Dataset
AWS.M2.CARDDEMO.IMSDATA.DBPAUTP0,DBPAUTP0.jcl,demo/app-authorization-ims-db2-mq/jcl/DBPAUTP0.jcl,JCL,UNLOAD,DFSURGU1,",CATLG,DELETE",DFSRRC00/DFSURGU0,,,,,No,Dataset
AWS.M2.CARDDEMO.JCL(INTRDRJ2),INTRDRJ1.JCL,demo/jcl/INTRDRJ1.JCL,JCL,STEP01,SYSUT1,SHR,IEBGENER,,,,READ,Yes,Non VSAM
AWS.M2.CARDDEMO.PAUTDB.CHILD.FILEO,LOADPADB.JCL,demo/app-authorization-ims-db2-mq/jcl/LOADPADB.JCL,JCL,STEP01,INFILE2,SHR,DFSRRC00/PAUDBLOD,,,,,No,Dataset
AWS.M2.CARDDEMO.PAUTDB.CHILD.FILEO,PAUDBLOD.cbl,demo/app-authorization-ims-db2-mq/cbl/PAUDBLOD.CBL,COBOL,,INFILE2,,,INFILE2,,,READ,,Dataset
AWS.M2.CARDDEMO.PAUTDB.CHILD.FILEO,PAUDBUNL.cbl,demo/app-authorization-ims-db2-mq/cbl/PAUDBUNL.CBL,COBOL,,OUTFIL2,,,OPFILE2,,,WRITE,,Dataset
AWS.M2.CARDDEMO.PAUTDB.CHILD.FILEO,UNLDPADB.JCL,demo/app-authorization-ims-db2-mq/jcl/UNLDPADB.JCL,JCL,STEP0,DD2,"OLD,DELETE,DELETE",IEFBR14,,,,DELETE,Yes,Dataset
AWS.M2.CARDDEMO.PAUTDB.CHILD.FILEO,UNLDPADB.JCL,demo/app-authorization-ims-db2-mq/jcl/UNLDPADB.JCL,JCL,STEP01,OUTFIL2,"NEW,CATLG,DELETE",DFSRRC00/PAUDBUNL,,,,,No,Dataset
AWS.M2.CARDDEMO.PAUTDB.CHILD.GSAM,DBUNLDGS.cbl,demo/app-authorization-ims-db2-mq/cbl/DBUNLDGS.CBL,COBOL,,PADFILOP,,,,,,,,Dataset
AWS.M2.CARDDEMO.PAUTDB.CHILD.GSAM,UNLDGSAM.JCL,demo/app-authorization-ims-db2-mq/jcl/UNLDGSAM.JCL,JCL,STEP01,PADFILOP,"OLD,KEEP,KEEP",DFSRRC00/DBUNLDGS,,,,,No,Dataset
AWS.M2.CARDDEMO.PAUTDB.ROOT.FILEO,LOADPADB.JCL,demo/app-authorization-ims-db2-mq/jcl/LOADPADB.JCL,JCL,STEP01,INFILE1,SHR,DFSRRC00/PAUDBLOD,,,,,No,Dataset
AWS.M2.CARDDEMO.PAUTDB.ROOT.FILEO,PAUDBLOD.cbl,demo/app-authorization-ims-db2-mq/cbl/PAUDBLOD.CBL,COBOL,,INFILE1,,,INFILE1,,,READ,,Dataset
AWS.M2.CARDDEMO.PAUTDB.ROOT.FILEO,PAUDBUNL.cbl,demo/app-authorization-ims-db2-mq/cbl/PAUDBUNL.CBL,COBOL,,OUTFIL1,,,OPFILE1,,,WRITE,,Dataset
AWS.M2.CARDDEMO.PAUTDB.ROOT.FILEO,UNLDPADB.JCL,demo/app-authorization-ims-db2-mq/jcl/UNLDPADB.JCL,JCL,STEP0,DD1,"OLD,DELETE,DELETE",IEFBR14,,,,DELETE,Yes,Dataset
AWS.M2.CARDDEMO.PAUTDB.ROOT.FILEO,UNLDPADB.JCL,demo/app-authorization-ims-db2-mq/jcl/UNLDPADB.JCL,JCL,STEP01,OUTFIL1,"NEW,CATLG,DELETE",DFSRRC00/PAUDBUNL,,,,,No,Dataset
AWS.M2.CARDDEMO.PAUTDB.ROOT.GSAM,DBUNLDGS.cbl,demo/app-authorization-ims-db2-mq/cbl/DBUNLDGS.CBL,COBOL,,PASFILOP,,,,,,,,Dataset
AWS.M2.CARDDEMO.PAUTDB.ROOT.GSAM,UNLDGSAM.JCL,demo/app-authorization-ims-db2-mq/jcl/UNLDGSAM.JCL,JCL,STEP01,PASFILOP,"OLD,KEEP,KEEP",DFSRRC00/DBUNLDGS,,,,,No,Dataset
AWS.M2.CARDDEMO.STATEMNT.HTML,CBSTM03A.cbl,demo/cbl/CBSTM03A.CBL,COBOL,,HTMLFILE,,,HTML-FILE,,,WRITE,,Dataset
AWS.M2.CARDDEMO.STATEMNT.HTML,CREASTMT.JCL,demo/jcl/CREASTMT.JCL,JCL,STEP030,HTMLFILE,"MOD,DELETE,DELETE",IEFBR14,,,,DELETE,Yes,Dataset
AWS.M2.CARDDEMO.STATEMNT.HTML,CREASTMT.JCL,demo/jcl/CREASTMT.JCL,JCL,STEP040,HTMLFILE,"NEW,CATLG,DELETE",CBSTM03A,,,,,No,Dataset
AWS.M2.CARDDEMO.STATEMNT.PS,CBSTM03A.cbl,demo/cbl/CBSTM03A.CBL,COBOL,,STMTFILE,,,STMT-FILE,,,WRITE,,Dataset
AWS.M2.CARDDEMO.STATEMNT.PS,CREASTMT.JCL,demo/jcl/CREASTMT.JCL,JCL,STEP030,STMTFILE,"MOD,DELETE,DELETE",IEFBR14,,,,DELETE,Yes,Dataset
AWS.M2.CARDDEMO.STATEMNT.PS,CREASTMT.JCL,demo/jcl/CREASTMT.JCL,JCL,STEP040,STMTFILE,"NEW,CATLG,DELETE",CBSTM03A,,,,,No,Dataset
AWS.M2.CARDDEMO.STATEMNT.PS,TXT2PDF1.JCL,demo/jcl/TXT2PDF1.JCL,JCL,TXT2PDF,INDD,SHR,IKJEFT1B,,,,,Yes,Dataset
AWS.M2.CARDDEMO.SYSTRAN,CBACT04C.cbl,demo/cbl/CBACT04C.cbl,COBOL,,TRANSACT,,,TRANSACT-FILE,TRAN-RECORD,demo/cpy/CVTRA05Y.cpy,WRITE,,GDG Base
AWS.M2.CARDDEMO.SYSTRAN,COMBTRAN.jcl,demo/jcl/COMBTRAN.jcl,JCL,STEP05R,SORTIN,SHR,SORT,,,,READ,Yes,GDG Base
AWS.M2.CARDDEMO.SYSTRAN,DEFGDGB.jcl,demo/jcl/DEFGDGB.jcl,JCL,STEP05,,,IDCAMS,,,,CREATE,Yes,GDG Base
AWS.M2.CARDDEMO.SYSTRAN,INTCALC.jcl,demo/jcl/INTCALC.jcl,JCL,STEP15,TRANSACT,"NEW,CATLG,DELETE",CBACT04C,,,,,No,GDG Base
AWS.M2.CARDDEMO.TCATBALF.BKUP,DEFGDGB.jcl,demo/jcl/DEFGDGB.jcl,JCL,STEP05,,,IDCAMS,,,,CREATE,Yes,GDG Base
AWS.M2.CARDDEMO.TCATBALF.BKUP,PRTCATBL.jcl,demo/jcl/PRTCATBL.jcl,JCL,STEP05R.PRC001,FILEOUT,"NEW,CATLG,DELETE",IDCAMS,,,,WRITE,Yes,GDG Base
AWS.M2.CARDDEMO.TCATBALF.BKUP,PRTCATBL.jcl,demo/jcl/PRTCATBL.jcl,JCL,STEP10R,SORTIN,SHR,SORT,,,,READ,Yes,GDG Base
AWS.M2.CARDDEMO.TCATBALF.PS,TCATBALF.jcl,demo/jcl/TCATBALF.jcl,JCL,STEP15,TCATBAL,SHR,IDCAMS,,,,READ,Yes,Non VSAM
AWS.M2.CARDDEMO.TCATBALF.REPT,PRTCATBL.jcl,demo/jcl/PRTCATBL.jcl,JCL,DELDEF,THEFILE,"MOD,DELETE",IEFBR14,,,,DELETE,Yes,Non VSAM
AWS.M2.CARDDEMO.TCATBALF.REPT,PRTCATBL.jcl,demo/jcl/PRTCATBL.jcl,JCL,STEP10R,SORTOUT,"NEW,CATLG,DELETE",SORT,,,,WRITE,Yes,Non VSAM
AWS.M2.CARDDEMO.TCATBALF.VSAM.KSDS,CBACT04C.cbl,demo/cbl/CBACT04C.cbl,COBOL,,TCATBALF,,,TCATBAL-FILE,TRAN-CAT-BAL-RECORD,demo/cpy/CVTRA01Y.cpy,READ,,VSAM KSDS
AWS.M2.CARDDEMO.TCATBALF.VSAM.KSDS,CBTRN02C.cbl,demo/cbl/CBTRN02C.cbl,COBOL,,TCATBALF,,,TCATBAL-FILE,TRAN-CAT-BAL-RECORD,demo/cpy/CVTRA01Y.cpy,READ; UPDATE; WRITE,,VSAM KSDS
AWS.M2.CARDDEMO.TCATBALF.VSAM.KSDS,INTCALC.jcl,demo/jcl/INTCALC.jcl,JCL,STEP15,TCATBALF,SHR,CBACT04C,,,,,No,VSAM KSDS
AWS.M2.CARDDEMO.TCATBALF.VSAM.KSDS,POSTTRAN.jcl,demo/jcl/POSTTRAN.jcl,JCL,STEP15,TCATBALF,SHR,CBTRN02C,,,,,No,VSAM KSDS
AWS.M2.CARDDEMO.TCATBALF.VSAM.KSDS,PRTCATBL.jcl,demo/jcl/PRTCATBL.jcl,JCL,STEP05R.PRC001,FILEIN,SHR,IDCAMS,,,,READ,Yes,VSAM KSDS
AWS.M2.CARDDEMO.TCATBALF.VSAM.KSDS,TCATBALF.jcl,demo/jcl/TCATBALF.jcl,JCL,STEP05,,,IDCAMS,,,,DELETE,Yes,VSAM KSDS
AWS.M2.CARDDEMO.TCATBALF.VSAM.KSDS,TCATBALF.jcl,demo/jcl/TCATBALF.jcl,JCL,STEP10,,,IDCAMS,,,,CREATE,Yes,VSAM KSDS
AWS.M2.CARDDEMO.TCATBALF.VSAM.KSDS,TCATBALF.jcl,demo/jcl/TCATBALF.jcl,JCL,STEP15,TCATBALV,OLD,IDCAMS,,,,WRITE,Yes,VSAM KSDS
AWS.M2.CARDDEMO.TCATBALF.VSAM.KSDS.DATA,TCATBALF.jcl,demo/jcl/TCATBALF.jcl,JCL,STEP10,,,IDCAMS,,,,CREATE,Yes,VSAM DATA
AWS.M2.CARDDEMO.TCATBALF.VSAM.KSDS.INDEX,TCATBALF.jcl,demo/jcl/TCATBALF.jcl,JCL,STEP10,,,IDCAMS,,,,CREATE,Yes,VSAM INDEX
AWS.M2.CARDDEMO.TRANCATG.PS,DEFGDGD.jcl,demo/jcl/DEFGDGD.jcl,JCL,STEP40,SYSUT1,SHR,IEBGENER,,,,READ,Yes,Non VSAM
AWS.M2.CARDDEMO.TRANCATG.PS,TRANCATG.jcl,demo/jcl/TRANCATG.jcl,JCL,STEP15,TRANCATG,SHR,IDCAMS,,,,READ,Yes,Non VSAM
AWS.M2.CARDDEMO.TRANCATG.PS,TRANEXTR.jcl,demo/app-transaction-type-db2/jcl/TRANEXTR.jcl,JCL,STEP20,SYSUT1,SHR,IEBGENER,,,,READ,Yes,Non VSAM
AWS.M2.CARDDEMO.TRANCATG.PS,TRANEXTR.jcl,demo/app-transaction-type-db2/jcl/TRANEXTR.jcl,JCL,STEP30,DD02,"MOD,DELETE,DELETE",IEFBR14,,,,DELETE,Yes,Non VSAM
AWS.M2.CARDDEMO.TRANCATG.PS,TRANEXTR.jcl,demo/app-transaction-type-db2/jcl/TRANEXTR.jcl,JCL,STEP50,SYSREC00,"NEW,CATLG,DELETE",IKJEFT01/DSNTIAUL,,,,WRITE,No,Non VSAM
AWS.M2.CARDDEMO.TRANCATG.PS.BKUP,DEFGDGD.jcl,demo/jcl/DEFGDGD.jcl,JCL,STEP30,,,IDCAMS,,,,CREATE,Yes,GDG BASE
AWS.M2.CARDDEMO.TRANCATG.PS.BKUP,DEFGDGD.jcl,demo/jcl/DEFGDGD.jcl,JCL,STEP40,SYSUT2,"NEW,CATLG",IEBGENER,,,,WRITE,Yes,GDG BASE
AWS.M2.CARDDEMO.TRANCATG.PS.BKUP,TRANEXTR.jcl,demo/app-transaction-type-db2/jcl/TRANEXTR.jcl,JCL,STEP20,SYSUT2,"NEW,CATLG",IEBGENER,,,,WRITE,Yes,GDG Base
AWS.M2.CARDDEMO.TRANCATG.VSAM.KSDS,CBTRN03C.cbl,demo/cbl/CBTRN03C.cbl,COBOL,,TRANCATG,,,TRANCATG-FILE,TRAN-CAT-RECORD,demo/cpy/CVTRA04Y.cpy,READ,,VSAM KSDS
AWS.M2.CARDDEMO.TRANCATG.VSAM.KSDS,TRANCATG.jcl,demo/jcl/TRANCATG.jcl,JCL,STEP05,,,IDCAMS,,,,DELETE,Yes,VSAM KSDS
AWS.M2.CARDDEMO.TRANCATG.VSAM.KSDS,TRANCATG.jcl,demo/jcl/TRANCATG.jcl,JCL,STEP10,,,IDCAMS,,,,CREATE,Yes,VSAM KSDS
AWS.M2.CARDDEMO.TRANCATG.VSAM.KSDS,TRANCATG.jcl,demo/jcl/TRANCATG.jcl,JCL,STEP15,TCATVSAM,OLD,IDCAMS,,,,WRITE,Yes,VSAM KSDS
AWS.M2.CARDDEMO.TRANCATG.VSAM.KSDS,TRANREPT.jcl,demo/jcl/TRANREPT.jcl,JCL,STEP10R,TRANCATG,SHR,CBTRN03C,,,,,No,VSAM KSDS
AWS.M2.CARDDEMO.TRANCATG.VSAM.KSDS.DATA,TRANCATG.jcl,demo/jcl/TRANCATG.jcl,JCL,STEP10,,,IDCAMS,,,,CREATE,Yes,VSAM DATA
AWS.M2.CARDDEMO.TRANCATG.VSAM.KSDS.INDEX,TRANCATG.jcl,demo/jcl/TRANCATG.jcl,JCL,STEP10,,,IDCAMS,,,,CREATE,Yes,VSAM INDEX
AWS.M2.CARDDEMO.TRANREPT,CBTRN03C.cbl,demo/cbl/CBTRN03C.cbl,COBOL,,TRANREPT,,,REPORT-FILE,REPORT-PAGE-TOTALS,demo/cpy/CVTRA07Y.cpy,WRITE,,GDG Base
AWS.M2.CARDDEMO.TRANREPT,CBTRN03C.cbl,demo/cbl/CBTRN03C.cbl,COBOL,,TRANREPT,,,REPORT-FILE,TRANSACTION-HEADER-2,demo/cpy/CVTRA07Y.cpy,WRITE,,GDG Base
AWS.M2.CARDDEMO.TRANREPT,CBTRN03C.cbl,demo/cbl/CBTRN03C.cbl,COBOL,,TRANREPT,,,REPORT-FILE,REPORT-ACCOUNT-TOTALS,demo/cpy/CVTRA07Y.cpy,WRITE,,GDG Base
AWS.M2.CARDDEMO.TRANREPT,CBTRN03C.cbl,demo/cbl/CBTRN03C.cbl,COBOL,,TRANREPT,,,REPORT-FILE,REPORT-GRAND-TOTALS,demo/cpy/CVTRA07Y.cpy,WRITE,,GDG Base
AWS.M2.CARDDEMO.TRANREPT,CBTRN03C.cbl,demo/cbl/CBTRN03C.cbl,COBOL,,TRANREPT,,,REPORT-FILE,REPORT-NAME-HEADER,demo/cpy/CVTRA07Y.cpy,WRITE,,GDG Base
AWS.M2.CARDDEMO.TRANREPT,CBTRN03C.cbl,demo/cbl/CBTRN03C.cbl,COBOL,,TRANREPT,,,REPORT-FILE,TRANSACTION-HEADER-1,demo/cpy/CVTRA07Y.cpy,WRITE,,GDG Base
AWS.M2.CARDDEMO.TRANREPT,CBTRN03C.cbl,demo/cbl/CBTRN03C.cbl,COBOL,,TRANREPT,,,REPORT-FILE,TRANSACTION-DETAIL-REPORT,demo/cpy/CVTRA07Y.cpy,WRITE,,GDG Base
AWS.M2.CARDDEMO.TRANREPT,DEFGDGB.jcl,demo/jcl/DEFGDGB.jcl,JCL,STEP05,,,IDCAMS,,,,CREATE,Yes,GDG Base
AWS.M2.CARDDEMO.TRANREPT,REPTFILE.jcl,demo/jcl/REPTFILE.jcl,JCL,STEP05,,,IDCAMS,,,,CREATE,Yes,GDG Base
AWS.M2.CARDDEMO.TRANREPT,TRANREPT.jcl,demo/jcl/TRANREPT.jcl,JCL,STEP10R,TRANREPT,"NEW,CATLG,DELETE",CBTRN03C,,,,,No,GDG Base
AWS.M2.CARDDEMO.TRANSACT.BKUP,COMBTRAN.jcl,demo/jcl/COMBTRAN.jcl,JCL,STEP05R,SORTIN,SHR,SORT,,,,READ,Yes,GDG Base
AWS.M2.CARDDEMO.TRANSACT.BKUP,DEFGDGB.jcl,demo/jcl/DEFGDGB.jcl,JCL,STEP05,,,IDCAMS,,,,CREATE,Yes,GDG Base
AWS.M2.CARDDEMO.TRANSACT.BKUP,TRANBKP.jcl,demo/jcl/TRANBKP.jcl,JCL,STEP05R.PRC001,FILEOUT,"NEW,CATLG,DELETE",IDCAMS,,,,WRITE,Yes,GDG Base
AWS.M2.CARDDEMO.TRANSACT.BKUP,TRANREPT.jcl,demo/jcl/TRANREPT.jcl,JCL,STEP05R.PRC001,FILEOUT,"NEW,CATLG,DELETE",IDCAMS,,,,WRITE,Yes,GDG Base
AWS.M2.CARDDEMO.TRANSACT.BKUP,TRANREPT.jcl,demo/jcl/TRANREPT.jcl,JCL,STEP05R,SORTIN,SHR,SORT,,,,READ,Yes,GDG Base
AWS.M2.CARDDEMO.TRANSACT.COMBINED,COMBTRAN.jcl,demo/jcl/COMBTRAN.jcl,JCL,STEP05R,SORTOUT,"NEW,CATLG,DELETE",SORT,,,,WRITE,Yes,GDG Base
AWS.M2.CARDDEMO.TRANSACT.COMBINED,COMBTRAN.jcl,demo/jcl/COMBTRAN.jcl,JCL,STEP10,TRANSACT,SHR,IDCAMS,,,,READ,Yes,GDG Base
AWS.M2.CARDDEMO.TRANSACT.COMBINED,DEFGDGB.jcl,demo/jcl/DEFGDGB.jcl,JCL,STEP05,,,IDCAMS,,,,CREATE,Yes,GDG Base
AWS.M2.CARDDEMO.TRANSACT.DALY,CBTRN03C.cbl,demo/cbl/CBTRN03C.cbl,COBOL,,TRANFILE,,,TRANSACT-FILE,TRAN-RECORD,demo/cpy/CVTRA05Y.cpy,READ,,GDG Base
AWS.M2.CARDDEMO.TRANSACT.DALY,DEFGDGB.jcl,demo/jcl/DEFGDGB.jcl,JCL,STEP05,,,IDCAMS,,,,CREATE,Yes,GDG Base
AWS.M2.CARDDEMO.TRANSACT.DALY,TRANREPT.jcl,demo/jcl/TRANREPT.jcl,JCL,STEP05R,SORTOUT,"NEW,CATLG,DELETE",SORT,,,,WRITE,Yes,GDG Base
AWS.M2.CARDDEMO.TRANSACT.DALY,TRANREPT.jcl,demo/jcl/TRANREPT.jcl,JCL,STEP10R,TRANFILE,SHR,CBTRN03C,,,,,No,GDG Base
AWS.M2.CARDDEMO.TRANSACT.IMPORT,CBIMPORT.cbl,demo/cbl/CBIMPORT.cbl,COBOL,,TRNXOUT,,,TRANSACTION-OUTPUT,TRAN-RECORD,demo/cpy/CVTRA05Y.cpy,WRITE,,Dataset
AWS.M2.CARDDEMO.TRANSACT.IMPORT,CBIMPORT.jcl,demo/jcl/CBIMPORT.jcl,JCL,STEP01,TRNXOUT,"NEW,CATLG,DELETE",CBIMPORT,,,,,No,Dataset
AWS.M2.CARDDEMO.TRANSACT.VSAM.AIX,TRANBKP.jcl,demo/jcl/TRANBKP.jcl,JCL,STEP05,,,IDCAMS,,,,DELETE,Yes,VSAM AIX
AWS.M2.CARDDEMO.TRANSACT.VSAM.AIX,TRANFILE.jcl,demo/jcl/TRANFILE.jcl,JCL,STEP05,,,IDCAMS,,,,DELETE,Yes,VSAM AIX
AWS.M2.CARDDEMO.TRANSACT.VSAM.AIX,TRANFILE.jcl,demo/jcl/TRANFILE.jcl,JCL,STEP20,,,IDCAMS,,,,CREATE,Yes,VSAM AIX
AWS.M2.CARDDEMO.TRANSACT.VSAM.AIX,TRANFILE.jcl,demo/jcl/TRANFILE.jcl,JCL,STEP25,,,IDCAMS,,,,READ,Yes,VSAM AIX
AWS.M2.CARDDEMO.TRANSACT.VSAM.AIX,TRANFILE.jcl,demo/jcl/TRANFILE.jcl,JCL,STEP30,,,IDCAMS,,,,WRITE,Yes,VSAM AIX
AWS.M2.CARDDEMO.TRANSACT.VSAM.AIX,TRANIDX.jcl,demo/jcl/TRANIDX.jcl,JCL,STEP20,,,IDCAMS,,,,CREATE,Yes,VSAM AIX
AWS.M2.CARDDEMO.TRANSACT.VSAM.AIX,TRANIDX.jcl,demo/jcl/TRANIDX.jcl,JCL,STEP25,,,IDCAMS,,,,READ,Yes,VSAM AIX
AWS.M2.CARDDEMO.TRANSACT.VSAM.AIX,TRANIDX.jcl,demo/jcl/TRANIDX.jcl,JCL,STEP30,,,IDCAMS,,,,WRITE,Yes,VSAM AIX
AWS.M2.CARDDEMO.TRANSACT.VSAM.AIX.DATA,TRANFILE.jcl,demo/jcl/TRANFILE.jcl,JCL,STEP20,,,IDCAMS,,,,CREATE,Yes,VSAM DATA
AWS.M2.CARDDEMO.TRANSACT.VSAM.AIX.DATA,TRANIDX.jcl,demo/jcl/TRANIDX.jcl,JCL,STEP20,,,IDCAMS,,,,CREATE,Yes,VSAM DATA
AWS.M2.CARDDEMO.TRANSACT.VSAM.AIX.INDEX,TRANFILE.jcl,demo/jcl/TRANFILE.jcl,JCL,STEP20,,,IDCAMS,,,,CREATE,Yes,VSAM INDEX
AWS.M2.CARDDEMO.TRANSACT.VSAM.AIX.INDEX,TRANIDX.jcl,demo/jcl/TRANIDX.jcl,JCL,STEP20,,,IDCAMS,,,,CREATE,Yes,VSAM INDEX
AWS.M2.CARDDEMO.TRANSACT.VSAM.AIX.PATH,TRANFILE.jcl,demo/jcl/TRANFILE.jcl,JCL,STEP25,,,IDCAMS,,,,CREATE,Yes,VSAM PATH
AWS.M2.CARDDEMO.TRANSACT.VSAM.AIX.PATH,TRANIDX.jcl,demo/jcl/TRANIDX.jcl,JCL,STEP25,,,IDCAMS,,,,CREATE,Yes,VSAM PATH
AWS.M2.CARDDEMO.TRANSACT.VSAM.KSDS,CBEXPORT.cbl,demo/cbl/CBEXPORT.cbl,COBOL,,TRANSACT,,,TRANSACTION-INPUT,TRAN-RECORD,demo/cpy/CVTRA05Y.cpy,READ,,VSAM KSDS
AWS.M2.CARDDEMO.TRANSACT.VSAM.KSDS,CBEXPORT.jcl,demo/jcl/CBEXPORT.jcl,JCL,STEP02,TRANSACT,SHR,CBEXPORT,,,,,No,VSAM KSDS
AWS.M2.CARDDEMO.TRANSACT.VSAM.KSDS,CBTRN02C.cbl,demo/cbl/CBTRN02C.cbl,COBOL,,TRANFILE,,,TRANSACT-FILE,TRAN-RECORD,demo/cpy/CVTRA05Y.cpy,WRITE,,VSAM KSDS
AWS.M2.CARDDEMO.TRANSACT.VSAM.KSDS,COBIL00C.cbl,demo/cbl/COBIL00C.cbl,COBOL,,,,,TRANSACT,TRAN-RECORD,demo/cpy/CVTRA05Y.cpy,READ; WRITE,,VSAM KSDS
AWS.M2.CARDDEMO.TRANSACT.VSAM.KSDS,COMBTRAN.jcl,demo/jcl/COMBTRAN.jcl,JCL,STEP10,TRANVSAM,SHR,IDCAMS,,,,WRITE,Yes,VSAM KSDS
AWS.M2.CARDDEMO.TRANSACT.VSAM.KSDS,COTRN00C.cbl,demo/cbl/COTRN00C.cbl,COBOL,,,,,TRANSACT,TRAN-RECORD,demo/cpy/CVTRA05Y.cpy,READ,,VSAM KSDS
AWS.M2.CARDDEMO.TRANSACT.VSAM.KSDS,COTRN01C.cbl,demo/cbl/COTRN01C.cbl,COBOL,,,,,TRANSACT,TRAN-RECORD,demo/cpy/CVTRA05Y.cpy,READ,,VSAM KSDS
AWS.M2.CARDDEMO.TRANSACT.VSAM.KSDS,COTRN02C.cbl,demo/cbl/COTRN02C.cbl,COBOL,,,,,TRANSACT,TRAN-RECORD,demo/cpy/CVTRA05Y.cpy,READ; WRITE,,VSAM KSDS
AWS.M2.CARDDEMO.TRANSACT.VSAM.KSDS,CREASTMT.JCL,demo/jcl/CREASTMT.JCL,JCL,STEP010,SORTIN,SHR,SORT,,,,READ,Yes,VSAM KSDS
AWS.M2.CARDDEMO.TRANSACT.VSAM.KSDS,POSTTRAN.jcl,demo/jcl/POSTTRAN.jcl,JCL,STEP15,TRANFILE,SHR,CBTRN02C,,,,,No,VSAM KSDS
AWS.M2.CARDDEMO.TRANSACT.VSAM.KSDS,TRANBKP.jcl,demo/jcl/TRANBKP.jcl,JCL,STEP05R.PRC001,FILEIN,SHR,IDCAMS,,,,READ,Yes,VSAM KSDS
AWS.M2.CARDDEMO.TRANSACT.VSAM.KSDS,TRANBKP.jcl,demo/jcl/TRANBKP.jcl,JCL,STEP05,,,IDCAMS,,,,DELETE,Yes,VSAM KSDS
AWS.M2.CARDDEMO.TRANSACT.VSAM.KSDS,TRANBKP.jcl,demo/jcl/TRANBKP.jcl,JCL,STEP10,,,IDCAMS,,,,CREATE,Yes,VSAM KSDS
AWS.M2.CARDDEMO.TRANSACT.VSAM.KSDS,TRANFILE.jcl,demo/jcl/TRANFILE.jcl,JCL,STEP05,,,IDCAMS,,,,DELETE,Yes,VSAM KSDS
AWS.M2.CARDDEMO.TRANSACT.VSAM.KSDS,TRANFILE.jcl,demo/jcl/TRANFILE.jcl,JCL,STEP10,,,IDCAMS,,,,CREATE,Yes,VSAM KSDS
AWS.M2.CARDDEMO.TRANSACT.VSAM.KSDS,TRANFILE.jcl,demo/jcl/TRANFILE.jcl,JCL,STEP15,TRANVSAM,SHR,IDCAMS,,,,WRITE,Yes,VSAM KSDS
AWS.M2.CARDDEMO.TRANSACT.VSAM.KSDS,TRANFILE.jcl,demo/jcl/TRANFILE.jcl,JCL,STEP20,,,IDCAMS,,,,READ,Yes,VSAM KSDS
AWS.M2.CARDDEMO.TRANSACT.VSAM.KSDS,TRANFILE.jcl,demo/jcl/TRANFILE.jcl,JCL,STEP30,,,IDCAMS,,,,READ,Yes,VSAM KSDS
AWS.M2.CARDDEMO.TRANSACT.VSAM.KSDS,TRANIDX.jcl,demo/jcl/TRANIDX.jcl,JCL,STEP20,,,IDCAMS,,,,READ,Yes,VSAM KSDS
AWS.M2.CARDDEMO.TRANSACT.VSAM.KSDS,TRANIDX.jcl,demo/jcl/TRANIDX.jcl,JCL,STEP30,,,IDCAMS,,,,READ,Yes,VSAM KSDS
AWS.M2.CARDDEMO.TRANSACT.VSAM.KSDS,TRANREPT.jcl,demo/jcl/TRANREPT.jcl,JCL,STEP05R.PRC001,FILEIN,SHR,IDCAMS,,,,READ,Yes,VSAM KSDS
AWS.M2.CARDDEMO.TRANSACT.VSAM.KSDS.DATA,TRANBKP.jcl,demo/jcl/TRANBKP.jcl,JCL,STEP10,,,IDCAMS,,,,CREATE,Yes,VSAM DATA
AWS.M2.CARDDEMO.TRANSACT.VSAM.KSDS.DATA,TRANFILE.jcl,demo/jcl/TRANFILE.jcl,JCL,STEP10,,,IDCAMS,,,,CREATE,Yes,VSAM DATA
AWS.M2.CARDDEMO.TRANSACT.VSAM.KSDS.INDEX,TRANBKP.jcl,demo/jcl/TRANBKP.jcl,JCL,STEP10,,,IDCAMS,,,,CREATE,Yes,VSAM INDEX
AWS.M2.CARDDEMO.TRANSACT.VSAM.KSDS.INDEX,TRANFILE.jcl,demo/jcl/TRANFILE.jcl,JCL,STEP10,,,IDCAMS,,,,CREATE,Yes,VSAM INDEX
AWS.M2.CARDDEMO.TRANTYPE.BKUP,DEFGDGD.jcl,demo/jcl/DEFGDGD.jcl,JCL,STEP10,,,IDCAMS,,,,CREATE,Yes,GDG BASE
AWS.M2.CARDDEMO.TRANTYPE.BKUP,DEFGDGD.jcl,demo/jcl/DEFGDGD.jcl,JCL,STEP20,SYSUT2,"NEW,CATLG",IEBGENER,,,,WRITE,Yes,GDG BASE
AWS.M2.CARDDEMO.TRANTYPE.BKUP,TRANEXTR.jcl,demo/app-transaction-type-db2/jcl/TRANEXTR.jcl,JCL,STEP10,SYSUT2,"NEW,CATLG",IEBGENER,,,,WRITE,Yes,GDG Base
AWS.M2.CARDDEMO.TRANTYPE.PS,DEFGDGD.jcl,demo/jcl/DEFGDGD.jcl,JCL,STEP20,SYSUT1,SHR,IEBGENER,,,,READ,Yes,Non VSAM
AWS.M2.CARDDEMO.TRANTYPE.PS,TRANEXTR.jcl,demo/app-transaction-type-db2/jcl/TRANEXTR.jcl,JCL,STEP10,SYSUT1,SHR,IEBGENER,,,,READ,Yes,Non VSAM
AWS.M2.CARDDEMO.TRANTYPE.PS,TRANEXTR.jcl,demo/app-transaction-type-db2/jcl/TRANEXTR.jcl,JCL,STEP30,DD01,"MOD,DELETE,DELETE",IEFBR14,,,,DELETE,Yes,Non VSAM
AWS.M2.CARDDEMO.TRANTYPE.PS,TRANEXTR.jcl,demo/app-transaction-type-db2/jcl/TRANEXTR.jcl,JCL,STEP40,SYSREC00,"NEW,CATLG,DELETE",IKJEFT01/DSNTIAUL,,,,WRITE,No,Non VSAM
AWS.M2.CARDDEMO.TRANTYPE.PS,TRANTYPE.jcl,demo/jcl/TRANTYPE.jcl,JCL,STEP15,TRANTYPE,SHR,IDCAMS,,,,READ,Yes,Non VSAM
AWS.M2.CARDDEMO.TRANTYPE.VSAM.KSDS,CBTRN03C.cbl,demo/cbl/CBTRN03C.cbl,COBOL,,TRANTYPE,,,TRANTYPE-FILE,TRAN-TYPE-RECORD,demo/cpy/CVTRA03Y.cpy,READ,,VSAM KSDS
AWS.M2.CARDDEMO.TRANTYPE.VSAM.KSDS,TRANREPT.jcl,demo/jcl/TRANREPT.jcl,JCL,STEP10R,TRANTYPE,SHR,CBTRN03C,,,,,No,VSAM KSDS
AWS.M2.CARDDEMO.TRANTYPE.VSAM.KSDS,TRANTYPE.jcl,demo/jcl/TRANTYPE.jcl,JCL,STEP05,,,IDCAMS,,,,DELETE,Yes,VSAM KSDS
AWS.M2.CARDDEMO.TRANTYPE.VSAM.KSDS,TRANTYPE.jcl,demo/jcl/TRANTYPE.jcl,JCL,STEP10,,,IDCAMS,,,,CREATE,Yes,VSAM KSDS
AWS.M2.CARDDEMO.TRANTYPE.VSAM.KSDS,TRANTYPE.jcl,demo/jcl/TRANTYPE.jcl,JCL,STEP15,TTYPVSAM,OLD,IDCAMS,,,,WRITE,Yes,VSAM KSDS
AWS.M2.CARDDEMO.TRANTYPE.VSAM.KSDS.DATA,TRANTYPE.jcl,demo/jcl/TRANTYPE.jcl,JCL,STEP10,,,IDCAMS,,,,CREATE,Yes,VSAM DATA
AWS.M2.CARDDEMO.TRANTYPE.VSAM.KSDS.INDEX,TRANTYPE.jcl,demo/jcl/TRANTYPE.jcl,JCL,STEP10,,,IDCAMS,,,,CREATE,Yes,VSAM INDEX
AWS.M2.CARDDEMO.TRXFL.DATA,CREASTMT.JCL,demo/jcl/CREASTMT.JCL,JCL,DELDEF01,,,IDCAMS,,,,CREATE,Yes,Dataset
AWS.M2.CARDDEMO.TRXFL.INDEX,CREASTMT.JCL,demo/jcl/CREASTMT.JCL,JCL,DELDEF01,,,IDCAMS,,,,CREATE,Yes,Dataset
AWS.M2.CARDDEMO.TRXFL.SEQ,CREASTMT.JCL,demo/jcl/CREASTMT.JCL,JCL,DELDEF01,,,IDCAMS,,,,DELETE,Yes,Dataset
AWS.M2.CARDDEMO.TRXFL.SEQ,CREASTMT.JCL,demo/jcl/CREASTMT.JCL,JCL,STEP010,SORTOUT,"NEW,CATLG,DELETE",SORT,,,,WRITE,Yes,Dataset
AWS.M2.CARDDEMO.TRXFL.SEQ,CREASTMT.JCL,demo/jcl/CREASTMT.JCL,JCL,STEP020,INFILE,SHR,IDCAMS,,,,READ,Yes,Dataset
AWS.M2.CARDDEMO.TRXFL.VSAM.KSDS,CBSTM03B.cbl,demo/cbl/CBSTM03B.CBL,COBOL,,TRNXFILE,,,TRNX-FILE,,,READ,,VSAM KSDS
AWS.M2.CARDDEMO.TRXFL.VSAM.KSDS,CREASTMT.JCL,demo/jcl/CREASTMT.JCL,JCL,DELDEF01,,,IDCAMS,,,,DELETE; CREATE,Yes,VSAM KSDS
AWS.M2.CARDDEMO.TRXFL.VSAM.KSDS,CREASTMT.JCL,demo/jcl/CREASTMT.JCL,JCL,STEP020,OUTFILE,SHR,IDCAMS,,,,WRITE,Yes,VSAM KSDS
AWS.M2.CARDDEMO.TRXFL.VSAM.KSDS,CREASTMT.JCL,demo/jcl/CREASTMT.JCL,JCL,STEP040,TRNXFILE,SHR,CBSTM03B,,,,,No,VSAM KSDS
AWS.M2.CARDDEMO.USRSEC.PS,DUSRSECJ.jcl,demo/jcl/DUSRSECJ.jcl,JCL,PREDEL,DD01,"MOD,DELETE,DELETE",IEFBR14,,,,DELETE,Yes,Non VSAM
AWS.M2.CARDDEMO.USRSEC.PS,DUSRSECJ.jcl,demo/jcl/DUSRSECJ.jcl,JCL,STEP01,SYSUT2,"NEW,CATLG,DELETE",IEBGENER,,,,WRITE,Yes,Non VSAM
AWS.M2.CARDDEMO.USRSEC.PS,DUSRSECJ.jcl,demo/jcl/DUSRSECJ.jcl,JCL,STEP03,IN,SHR,IDCAMS,,,,READ,Yes,Non VSAM
AWS.M2.CARDDEMO.USRSEC.VSAM.ESDS,ESDSRRDS.jcl,demo/jcl/ESDSRRDS.jcl,JCL,STEP02,,,IDCAMS,,,,DELETE; CREATE,Yes,VSAM ESDS
AWS.M2.CARDDEMO.USRSEC.VSAM.ESDS,ESDSRRDS.jcl,demo/jcl/ESDSRRDS.jcl,JCL,STEP03,OUT,SHR,IDCAMS,,,,WRITE,Yes,VSAM ESDS
AWS.M2.CARDDEMO.USRSEC.VSAM.ESDS.DAT,ESDSRRDS.jcl,demo/jcl/ESDSRRDS.jcl,JCL,STEP02,,,IDCAMS,,,,CREATE,Yes,Dataset
AWS.M2.CARDDEMO.USRSEC.VSAM.KSDS,COSGN00C.cbl,demo/cbl/COSGN00C.cbl,COBOL,,,,,USRSEC,SEC-USER-DATA,demo/cpy/CSUSR01Y.cpy,READ,,VSAM KSDS
AWS.M2.CARDDEMO.USRSEC.VSAM.KSDS,COUSR00C.cbl,demo/cbl/COUSR00C.cbl,COBOL,,,,,USRSEC,SEC-USER-DATA,demo/cpy/CSUSR01Y.cpy,READ,,VSAM KSDS
AWS.M2.CARDDEMO.USRSEC.VSAM.KSDS,COUSR01C.cbl,demo/cbl/COUSR01C.cbl,COBOL,,,,,USRSEC,SEC-USER-DATA,demo/cpy/CSUSR01Y.cpy,WRITE,,VSAM KSDS
AWS.M2.CARDDEMO.USRSEC.VSAM.KSDS,COUSR02C.cbl,demo/cbl/COUSR02C.cbl,COBOL,,,,,USRSEC,SEC-USER-DATA,demo/cpy/CSUSR01Y.cpy,READ; UPDATE; WRITE,,VSAM KSDS
AWS.M2.CARDDEMO.USRSEC.VSAM.KSDS,COUSR03C.cbl,demo/cbl/COUSR03C.cbl,COBOL,,,,,USRSEC,SEC-USER-DATA,demo/cpy/CSUSR01Y.cpy,DELETE; READ,,VSAM KSDS
AWS.M2.CARDDEMO.USRSEC.VSAM.KSDS,DUSRSECJ.jcl,demo/jcl/DUSRSECJ.jcl,JCL,STEP02,,,IDCAMS,,,,DELETE; CREATE,Yes,VSAM KSDS
AWS.M2.CARDDEMO.USRSEC.VSAM.KSDS,DUSRSECJ.jcl,demo/jcl/DUSRSECJ.jcl,JCL,STEP03,OUT,SHR,IDCAMS,,,,WRITE,Yes,VSAM KSDS
AWS.M2.CARDDEMO.USRSEC.VSAM.KSDS.DAT,DUSRSECJ.jcl,demo/jcl/DUSRSECJ.jcl,JCL,STEP02,,,IDCAMS,,,,CREATE,Yes,VSAM DATA
AWS.M2.CARDDEMO.USRSEC.VSAM.KSDS.IDX,DUSRSECJ.jcl,demo/jcl/DUSRSECJ.jcl,JCL,STEP02,,,IDCAMS,,,,CREATE,Yes,VSAM INDEX
AWS.M2.CARDDEMO.USRSEC.VSAM.RRDS,ESDSRRDS.jcl,demo/jcl/ESDSRRDS.jcl,JCL,STEP04,,,IDCAMS,,,,DELETE; CREATE,Yes,VSAM RRDS
AWS.M2.CARDDEMO.USRSEC.VSAM.RRDS,ESDSRRDS.jcl,demo/jcl/ESDSRRDS.jcl,JCL,STEP05,OUT,SHR,IDCAMS,,,,WRITE,Yes,VSAM RRDS
AWS.M2.CARDDEMO.USRSEC.VSAM.RRDS.DAT,ESDSRRDS.jcl,demo/jcl/ESDSRRDS.jcl,JCL,STEP04,,,IDCAMS,,,,CREATE,Yes,Dataset
AWS.M2.CARDEMO.FTP.TEST,FTPJCL.JCL,demo/jcl/FTPJCL.JCL,JCL,STEP1,,,FTP,,,,READ,Yes,Dataset
AWS.M2.CARDEMO.FTP.TEST,INTRDRJ1.JCL,demo/jcl/INTRDRJ1.JCL,JCL,IDCAMS,IN,SHR,IDCAMS,,,,,Yes,Dataset
AWS.M2.CARDEMO.FTP.TEST.BKUP,INTRDRJ1.JCL,demo/jcl/INTRDRJ1.JCL,JCL,IDCAMS,OUT,SHR,IDCAMS,,,,,Yes,Dataset
AWS.M2.CARDEMO.FTP.TEST.BKUP,INTRDRJ2.JCL,demo/jcl/INTRDRJ2.JCL,JCL,IDCAMS,IN,SHR,IDCAMS,,,,,Yes,Dataset
AWS.M2.CARDEMO.FTP.TEST.BKUP.INTRDR,INTRDRJ2.JCL,demo/jcl/INTRDRJ2.JCL,JCL,IDCAMS,OUT,SHR,IDCAMS,,,,,Yes,Dataset
AWS.M2.LBD.TXT2PDF.EXEC,TXT2PDF1.JCL,demo/jcl/TXT2PDF1.JCL,JCL,TXT2PDF,SYSEXEC,SHR,IKJEFT1B,,,,,Yes,Dataset
CARDDEMO.AUTHFRDS,COPAUS2C.cbl,demo/app-authorization-ims-db2-mq/cbl/COPAUS2C.cbl,COBOL,,,,,CARDDEMO.AUTHFRDS,,,INSERT; UPDATE,,Database
CARDDEMO.TRANSACTION_TYPE,COTRTLIC.cbl,demo/app-transaction-type-db2/cbl/COTRTLIC.cbl,COBOL,,,,,CARDDEMO.TRANSACTION_TYPE,,,DELETE; SELECT; UPDATE,,Database
CARDDEMO.TRANSACTION_TYPE,COTRTUPC.cbl,demo/app-transaction-type-db2/cbl/COTRTUPC.cbl,COBOL,,,,,CARDDEMO.TRANSACTION_TYPE,,,DELETE; INSERT; SELECT; UPDATE,,Database
IMS.DBDLIB,CBPAUP0C.cbl,demo/app-authorization-ims-db2-mq/cbl/CBPAUP0C.cbl,COBOL,,IMS,,,,,,,,Dataset
IMS.DBDLIB,CBPAUP0J.jcl,demo/app-authorization-ims-db2-mq/jcl/CBPAUP0J.jcl,JCL,STEP01,IMS,SHR,DFSRRC00/CBPAUP0C,,,,,No,Dataset
IMS.PROCLIB,CBPAUP0C.cbl,demo/app-authorization-ims-db2-mq/cbl/CBPAUP0C.cbl,COBOL,,PROCLIB,,,,,,,,Dataset
IMS.PROCLIB,CBPAUP0J.jcl,demo/app-authorization-ims-db2-mq/jcl/CBPAUP0J.jcl,JCL,STEP01,PROCLIB,SHR,DFSRRC00/CBPAUP0C,,,,,No,Dataset
IMS.PSBLIB,CBPAUP0C.cbl,demo/app-authorization-ims-db2-mq/cbl/CBPAUP0C.cbl,COBOL,,IMS,,,,,,,,Dataset
IMS.PSBLIB,CBPAUP0J.jcl,demo/app-authorization-ims-db2-mq/jcl/CBPAUP0J.jcl,JCL,STEP01,IMS,SHR,DFSRRC00/CBPAUP0C,,,,,No,Dataset
IMS.SDFSRESL,CBPAUP0C.cbl,demo/app-authorization-ims-db2-mq/cbl/CBPAUP0C.cbl,COBOL,,DFSRESLB,,,,,,,,"Missing [Dataset, PDS]"
IMS.SDFSRESL,CBPAUP0C.cbl,demo/app-authorization-ims-db2-mq/cbl/CBPAUP0C.cbl,COBOL,,DFSSEL,,,,,,,,"Missing [Dataset, PDS]"
IMS.SDFSRESL,CBPAUP0J.jcl,demo/app-authorization-ims-db2-mq/jcl/CBPAUP0J.jcl,JCL,STEP01,DFSRESLB,SHR,DFSRRC00/CBPAUP0C,,,,,No,"Missing [Dataset, PDS]"
IMS.SDFSRESL,CBPAUP0J.jcl,demo/app-authorization-ims-db2-mq/jcl/CBPAUP0J.jcl,JCL,STEP01,DFSSEL,SHR,DFSRRC00/CBPAUP0C,,,,,No,"Missing [Dataset, PDS]"
INPFILE,COBTUPDT.cbl,demo/app-transaction-type-db2/cbl/COBTUPDT.cbl,COBOL,,INPFILE,,,TR-RECORD,,,READ,,Dataset
INPFILE,MNTTRDB2.jcl,demo/app-transaction-type-db2/jcl/MNTTRDB2.jcl,JCL,STEP1,INPFILE,SHR,IKJEFT01/COBTUPDT,,,,,No,Dataset
OEM.CICSTS.DFHCSD,CBADMCDJ.jcl,demo/jcl/CBADMCDJ.jcl,JCL,STEP1,DFHCSD,SHR,DFHCSDUP,,,,,Yes,Dataset
OEM.IMS.IMSP.DBDLIB,DBPAUTP0.jcl,demo/app-authorization-ims-db2-mq/jcl/DBPAUTP0.jcl,JCL,UNLOAD,IMS,SHR,DFSRRC00/DFSURGU0,,,,,No,Dataset
OEM.IMS.IMSP.DBDLIB,DBUNLDGS.cbl,demo/app-authorization-ims-db2-mq/cbl/DBUNLDGS.CBL,COBOL,,IMS,,,,,,,,Dataset
OEM.IMS.IMSP.DBDLIB,LOADPADB.JCL,demo/app-authorization-ims-db2-mq/jcl/LOADPADB.JCL,JCL,STEP01,IMS,SHR,DFSRRC00/PAUDBLOD,,,,,No,Dataset
OEM.IMS.IMSP.DBDLIB,PAUDBLOD.cbl,demo/app-authorization-ims-db2-mq/cbl/PAUDBLOD.CBL,COBOL,,IMS,,,,,,,,Dataset
OEM.IMS.IMSP.DBDLIB,PAUDBUNL.cbl,demo/app-authorization-ims-db2-mq/cbl/PAUDBUNL.CBL,COBOL,,IMS,,,,,,,,Dataset
OEM.IMS.IMSP.DBDLIB,UNLDGSAM.JCL,demo/app-authorization-ims-db2-mq/jcl/UNLDGSAM.JCL,JCL,STEP01,IMS,SHR,DFSRRC00/DBUNLDGS,,,,,No,Dataset
OEM.IMS.IMSP.DBDLIB,UNLDPADB.JCL,demo/app-authorization-ims-db2-mq/jcl/UNLDPADB.JCL,JCL,STEP01,IMS,SHR,DFSRRC00/PAUDBUNL,,,,,No,Dataset
OEM.IMS.IMSP.PAUTHDB,DBPAUTP0.jcl,demo/app-authorization-ims-db2-mq/jcl/DBPAUTP0.jcl,JCL,UNLOAD,DDPAUTP0,SHR,DFSRRC00/DFSURGU0,,,,,No,Dataset
OEM.IMS.IMSP.PAUTHDB,DBUNLDGS.cbl,demo/app-authorization-ims-db2-mq/cbl/DBUNLDGS.CBL,COBOL,,DDPAUTP0,,,,,,,,Dataset
OEM.IMS.IMSP.PAUTHDB,PAUDBUNL.cbl,demo/app-authorization-ims-db2-mq/cbl/PAUDBUNL.CBL,COBOL,,DDPAUTP0,,,,,,,,Dataset
OEM.IMS.IMSP.PAUTHDB,UNLDGSAM.JCL,demo/app-authorization-ims-db2-mq/jcl/UNLDGSAM.JCL,JCL,STEP01,DDPAUTP0,SHR,DFSRRC00/DBUNLDGS,,,,READ,No,Dataset
OEM.IMS.IMSP.PAUTHDB,UNLDPADB.JCL,demo/app-authorization-ims-db2-mq/jcl/UNLDPADB.JCL,JCL,STEP01,DDPAUTP0,SHR,DFSRRC00/PAUDBUNL,,,,READ,No,Dataset
OEM.IMS.IMSP.PAUTHDBX,DBPAUTP0.jcl,demo/app-authorization-ims-db2-mq/jcl/DBPAUTP0.jcl,JCL,UNLOAD,DDPAUTX0,SHR,DFSRRC00/DFSURGU0,,,,,No,Dataset
OEM.IMS.IMSP.PAUTHDBX,DBUNLDGS.cbl,demo/app-authorization-ims-db2-mq/cbl/DBUNLDGS.CBL,COBOL,,DDPAUTX0,,,,,,,,Dataset
OEM.IMS.IMSP.PAUTHDBX,PAUDBUNL.cbl,demo/app-authorization-ims-db2-mq/cbl/PAUDBUNL.CBL,COBOL,,DDPAUTX0,,,,,,,,Dataset
OEM.IMS.IMSP.PAUTHDBX,UNLDGSAM.JCL,demo/app-authorization-ims-db2-mq/jcl/UNLDGSAM.JCL,JCL,STEP01,DDPAUTX0,SHR,DFSRRC00/DBUNLDGS,,,,,No,Dataset
OEM.IMS.IMSP.PAUTHDBX,UNLDPADB.JCL,demo/app-authorization-ims-db2-mq/jcl/UNLDPADB.JCL,JCL,STEP01,DDPAUTX0,SHR,DFSRRC00/PAUDBUNL,,,,,No,Dataset
OEM.IMS.IMSP.PSBLIB,DBPAUTP0.jcl,demo/app-authorization-ims-db2-mq/jcl/DBPAUTP0.jcl,JCL,UNLOAD,IMS,SHR,DFSRRC00/DFSURGU0,,,,,No,Dataset
OEM.IMS.IMSP.PSBLIB,DBUNLDGS.cbl,demo/app-authorization-ims-db2-mq/cbl/DBUNLDGS.CBL,COBOL,,IMS,,,,,,,,Dataset
OEM.IMS.IMSP.PSBLIB,LOADPADB.JCL,demo/app-authorization-ims-db2-mq/jcl/LOADPADB.JCL,JCL,STEP01,IMS,SHR,DFSRRC00/PAUDBLOD,,,,,No,Dataset
OEM.IMS.IMSP.PSBLIB,PAUDBLOD.cbl,demo/app-authorization-ims-db2-mq/cbl/PAUDBLOD.CBL,COBOL,,IMS,,,,,,,,Dataset
OEM.IMS.IMSP.PSBLIB,PAUDBUNL.cbl,demo/app-authorization-ims-db2-mq/cbl/PAUDBUNL.CBL,COBOL,,IMS,,,,,,,,Dataset
OEM.IMS.IMSP.PSBLIB,UNLDGSAM.JCL,demo/app-authorization-ims-db2-mq/jcl/UNLDGSAM.JCL,JCL,STEP01,IMS,SHR,DFSRRC00/DBUNLDGS,,,,,No,Dataset
OEM.IMS.IMSP.PSBLIB,UNLDPADB.JCL,demo/app-authorization-ims-db2-mq/jcl/UNLDPADB.JCL,JCL,STEP01,IMS,SHR,DFSRRC00/PAUDBUNL,,,,,No,Dataset
OEM.IMS.IMSP.RECON1,DBPAUTP0.jcl,demo/app-authorization-ims-db2-mq/jcl/DBPAUTP0.jcl,JCL,UNLOAD,RECON1,SHR,DFSRRC00/DFSURGU0,,,,,No,Dataset
OEM.IMS.IMSP.RECON2,DBPAUTP0.jcl,demo/app-authorization-ims-db2-mq/jcl/DBPAUTP0.jcl,JCL,UNLOAD,RECON2,SHR,DFSRRC00/DFSURGU0,,,,,No,Dataset
OEM.IMS.IMSP.RECON3,DBPAUTP0.jcl,demo/app-authorization-ims-db2-mq/jcl/DBPAUTP0.jcl,JCL,UNLOAD,RECON3,SHR,DFSRRC00/DFSURGU0,,,,,No,Dataset
OEMA.IMS.IMSP.SDFSRESL,DBPAUTP0.jcl,demo/app-authorization-ims-db2-mq/jcl/DBPAUTP0.jcl,JCL,UNLOAD,DFSRESLB,SHR,DFSRRC00/DFSURGU0,,,,,No,"Missing [Dataset, PDS]"
OEMA.IMS.IMSP.SDFSRESL,DBUNLDGS.cbl,demo/app-authorization-ims-db2-mq/cbl/DBUNLDGS.CBL,COBOL,,DFSRESLB,,,,,,,,"Missing [Dataset, PDS]"
OEMA.IMS.IMSP.SDFSRESL,LOADPADB.JCL,demo/app-authorization-ims-db2-mq/jcl/LOADPADB.JCL,JCL,STEP01,DFSRESLB,SHR,DFSRRC00/PAUDBLOD,,,,,No,"Missing [Dataset, PDS]"
OEMA.IMS.IMSP.SDFSRESL,PAUDBLOD.cbl,demo/app-authorization-ims-db2-mq/cbl/PAUDBLOD.CBL,COBOL,,DFSRESLB,,,,,,,,"Missing [Dataset, PDS]"
OEMA.IMS.IMSP.SDFSRESL,PAUDBUNL.cbl,demo/app-authorization-ims-db2-mq/cbl/PAUDBUNL.CBL,COBOL,,DFSRESLB,,,,,,,,"Missing [Dataset, PDS]"
OEMA.IMS.IMSP.SDFSRESL,UNLDGSAM.JCL,demo/app-authorization-ims-db2-mq/jcl/UNLDGSAM.JCL,JCL,STEP01,DFSRESLB,SHR,DFSRRC00/DBUNLDGS,,,,,No,"Missing [Dataset, PDS]"
OEMA.IMS.IMSP.SDFSRESL,UNLDPADB.JCL,demo/app-authorization-ims-db2-mq/jcl/UNLDPADB.JCL,JCL,STEP01,DFSRESLB,SHR,DFSRRC00/PAUDBUNL,,,,,No,"Missing [Dataset, PDS]"
OEMPP.IMS.V15R01MB.PROCLIB(DFSVSMDB),DBPAUTP0.jcl,demo/app-authorization-ims-db2-mq/jcl/DBPAUTP0.jcl,JCL,UNLOAD,DFSVSAMP,SHR,DFSRRC00/DFSURGU0,,,,,No,Dataset
OEMPP.IMS.V15R01MB.PROCLIB(DFSVSMDB),DBUNLDGS.cbl,demo/app-authorization-ims-db2-mq/cbl/DBUNLDGS.CBL,COBOL,,DFSVSAMP,,,,,,,,Dataset
OEMPP.IMS.V15R01MB.PROCLIB(DFSVSMDB),LOADPADB.JCL,demo/app-authorization-ims-db2-mq/jcl/LOADPADB.JCL,JCL,STEP01,DFSVSAMP,SHR,DFSRRC00/PAUDBLOD,,,,,No,Dataset
OEMPP.IMS.V15R01MB.PROCLIB(DFSVSMDB),PAUDBLOD.cbl,demo/app-authorization-ims-db2-mq/cbl/PAUDBLOD.CBL,COBOL,,DFSVSAMP,,,,,,,,Dataset
OEMPP.IMS.V15R01MB.PROCLIB(DFSVSMDB),PAUDBUNL.cbl,demo/app-authorization-ims-db2-mq/cbl/PAUDBUNL.CBL,COBOL,,DFSVSAMP,,,,,,,,Dataset
OEMPP.IMS.V15R01MB.PROCLIB(DFSVSMDB),UNLDGSAM.JCL,demo/app-authorization-ims-db2-mq/jcl/UNLDGSAM.JCL,JCL,STEP01,DFSVSAMP,SHR,DFSRRC00/DBUNLDGS,,,,,No,Dataset
OEMPP.IMS.V15R01MB.PROCLIB(DFSVSMDB),UNLDPADB.JCL,demo/app-authorization-ims-db2-mq/jcl/UNLDPADB.JCL,JCL,STEP01,DFSVSAMP,SHR,DFSRRC00/PAUDBUNL,,,,,No,Dataset
