JCL File,JCL Path,Step Name,Step Sequence,Program Name,Data Source Name,DD Name,DISP,System Program,Data Source Type,Data Source Dependency Type,Access Type
DEFGDGD.jcl,demo/jcl/DEFGDGD.jcl,STEP10,1,IDCAMS,AWS.M2.CARDDEMO.TRANTYPE.BKUP,,,Yes,GDG BASE,DEFINE,CREATE
DEFGDGD.jcl,demo/jcl/DEFGDGD.jcl,STEP20,2,IEBGENER,AWS.M2.CARDDEMO.TRANTYPE.PS,SYSUT1,SHR,Yes,Non VSAM,READ,READ
DEFGDGD.jcl,demo/jcl/DEFGDGD.jcl,STEP20,2,IEBGENER,AWS.M2.CARDDEMO.TRANTYPE.BKUP,SYSUT2,"NEW,CATLG",Yes,GDG BASE,WRITE,WRITE
DEFGDGD.jcl,demo/jcl/DEFGDGD.jcl,STEP30,3,IDCAMS,AWS.M2.CARDDEMO.TRANCATG.PS.BKUP,,,Yes,GDG BASE,DEFINE,CREATE
DEFGDGD.jcl,demo/jcl/DEFGDGD.jcl,STEP40,4,IEBGENER,AWS.M2.CARDDEMO.TRANCATG.PS,SYSUT1,SHR,Yes,Non VSAM,READ,READ
DEFGDGD.jcl,demo/jcl/DEFGDGD.jcl,STEP40,4,IEBGENER,AWS.M2.CARDDEMO.TRANCATG.PS.BKUP,SYSUT2,"NEW,CATLG",Yes,GDG BASE,WRITE,WRITE
DEFGDGD.jcl,demo/jcl/DEFGDGD.jcl,STEP50,5,IDCAMS,AWS.M2.CARDDEMO.DISCGRP.BKUP,,,Yes,GDG BASE,DEFINE,CREATE
DEFGDGD.jcl,demo/jcl/DEFGDGD.jcl,STEP60,6,IEBGENER,AWS.M2.CARDDEMO.DISCGRP.PS,SYSUT1,SHR,Yes,Non VSAM,READ,READ
DEFGDGD.jcl,demo/jcl/DEFGDGD.jcl,STEP60,6,IEBGENER,AWS.M2.CARDDEMO.DISCGRP.BKUP,SYSUT2,"NEW,CATLG",Yes,GDG BASE,WRITE,WRITE
LOADPADB.JCL,demo/app-authorization-ims-db2-mq/jcl/LOADPADB.JCL,STEP01,1,DFSRRC00/PAUDBLOD,OEMA.IMS.IMSP.SDFSRESL,DFSRESLB,SHR,No,"Missing [Dataset, PDS]",Dataset use,
LOADPADB.JCL,demo/app-authorization-ims-db2-mq/jcl/LOADPADB.JCL,STEP01,1,DFSRRC00/PAUDBLOD,OEM.IMS.IMSP.PSBLIB,IMS,SHR,No,Dataset,Dataset use,
LOADPADB.JCL,demo/app-authorization-ims-db2-mq/jcl/LOADPADB.JCL,STEP01,1,DFSRRC00/PAUDBLOD,OEM.IMS.IMSP.DBDLIB,IMS,SHR,No,Dataset,Dataset use,
LOADPADB.JCL,demo/app-authorization-ims-db2-mq/jcl/LOADPADB.JCL,STEP01,1,DFSRRC00/PAUDBLOD,AWS.M2.CARDDEMO.PAUTDB.ROOT.FILEO,INFILE1,SHR,No,Dataset,Dataset use,
LOADPADB.JCL,demo/app-authorization-ims-db2-mq/jcl/LOADPADB.JCL,STEP01,1,DFSRRC00/PAUDBLOD,AWS.M2.CARDDEMO.PAUTDB.CHILD.FILEO,INFILE2,SHR,No,Dataset,Dataset use,
LOADPADB.JCL,demo/app-authorization-ims-db2-mq/jcl/LOADPADB.JCL,STEP01,1,DFSRRC00/PAUDBLOD,OEMPP.IMS.V15R01MB.PROCLIB(DFSVSMDB),DFSVSAMP,SHR,No,Dataset,,
TRANIDX.jcl,demo/jcl/TRANIDX.jcl,STEP20,1,IDCAMS,AWS.M2.CARDDEMO.TRANSACT.VSAM.AIX,,,Yes,VSAM AIX,DEFINE,CREATE
TRANIDX.jcl,demo/jcl/TRANIDX.jcl,STEP20,1,IDCAMS,AWS.M2.CARDDEMO.TRANSACT.VSAM.AIX.DATA,,,Yes,VSAM DATA,DEFINE,CREATE
TRANIDX.jcl,demo/jcl/TRANIDX.jcl,STEP20,1,IDCAMS,AWS.M2.CARDDEMO.TRANSACT.VSAM.AIX.INDEX,,,Yes,VSAM INDEX,DEFINE,CREATE
TRANIDX.jcl,demo/jcl/TRANIDX.jcl,STEP20,1,IDCAMS,AWS.M2.CARDDEMO.TRANSACT.VSAM.KSDS,,,Yes,VSAM KSDS,DEFINE,READ
TRANIDX.jcl,demo/jcl/TRANIDX.jcl,STEP25,2,IDCAMS,AWS.M2.CARDDEMO.TRANSACT.VSAM.AIX,,,Yes,VSAM AIX,DEFINE,READ
TRANIDX.jcl,demo/jcl/TRANIDX.jcl,STEP25,2,IDCAMS,AWS.M2.CARDDEMO.TRANSACT.VSAM.AIX.PATH,,,Yes,VSAM PATH,DEFINE,CREATE
TRANIDX.jcl,demo/jcl/TRANIDX.jcl,STEP30,3,IDCAMS,AWS.M2.CARDDEMO.TRANSACT.VSAM.AIX,,,Yes,VSAM AIX,BLDINDEX,WRITE
TRANIDX.jcl,demo/jcl/TRANIDX.jcl,STEP30,3,IDCAMS,AWS.M2.CARDDEMO.TRANSACT.VSAM.KSDS,,,Yes,VSAM KSDS,BLDINDEX,READ
CBPAUP0J.jcl,demo/app-authorization-ims-db2-mq/jcl/CBPAUP0J.jcl,STEP01,1,DFSRRC00/CBPAUP0C,IMS.SDFSRESL,DFSRESLB,SHR,No,"Missing [Dataset, PDS]",Dataset use,
CBPAUP0J.jcl,demo/app-authorization-ims-db2-mq/jcl/CBPAUP0J.jcl,STEP01,1,DFSRRC00/CBPAUP0C,IMS.SDFSRESL,DFSSEL,SHR,No,"Missing [Dataset, PDS]",Dataset use,
CBPAUP0J.jcl,demo/app-authorization-ims-db2-mq/jcl/CBPAUP0J.jcl,STEP01,1,DFSRRC00/CBPAUP0C,IMS.PROCLIB,PROCLIB,SHR,No,Dataset,Dataset use,
CBPAUP0J.jcl,demo/app-authorization-ims-db2-mq/jcl/CBPAUP0J.jcl,STEP01,1,DFSRRC00/CBPAUP0C,IMS.PSBLIB,IMS,SHR,No,Dataset,Dataset use,
CBPAUP0J.jcl,demo/app-authorization-ims-db2-mq/jcl/CBPAUP0J.jcl,STEP01,1,DFSRRC00/CBPAUP0C,IMS.DBDLIB,IMS,SHR,No,Dataset,Dataset use,
XREFFILE.jcl,demo/jcl/XREFFILE.jcl,STEP05,1,IDCAMS,AWS.M2.CARDDEMO.CARDXREF.VSAM.KSDS,,,Yes,VSAM KSDS,DELETE,DELETE
XREFFILE.jcl,demo/jcl/XREFFILE.jcl,STEP05,1,IDCAMS,AWS.M2.CARDDEMO.CARDXREF.VSAM.AIX,,,Yes,VSAM AIX,DELETE,DELETE
XREFFILE.jcl,demo/jcl/XREFFILE.jcl,STEP10,2,IDCAMS,AWS.M2.CARDDEMO.CARDXREF.VSAM.KSDS,,,Yes,VSAM KSDS,DEFINE,CREATE
XREFFILE.jcl,demo/jcl/XREFFILE.jcl,STEP10,2,IDCAMS,AWS.M2.CARDDEMO.CARDXREF.VSAM.KSDS.DATA,,,Yes,VSAM DATA,DEFINE,CREATE
XREFFILE.jcl,demo/jcl/XREFFILE.jcl,STEP10,2,IDCAMS,AWS.M2.CARDDEMO.CARDXREF.VSAM.KSDS.INDEX,,,Yes,VSAM INDEX,DEFINE,CREATE
XREFFILE.jcl,demo/jcl/XREFFILE.jcl,STEP15,3,IDCAMS,AWS.M2.CARDDEMO.CARDXREF.VSAM.KSDS,XREFVSAM,SHR,Yes,VSAM KSDS,REPRO,WRITE
XREFFILE.jcl,demo/jcl/XREFFILE.jcl,STEP15,3,IDCAMS,AWS.M2.CARDDEMO.CARDXREF.PS,XREFDATA,SHR,Yes,Non VSAM,REPRO,READ
XREFFILE.jcl,demo/jcl/XREFFILE.jcl,STEP20,4,IDCAMS,AWS.M2.CARDDEMO.CARDXREF.VSAM.KSDS,,,Yes,VSAM KSDS,DEFINE,READ
XREFFILE.jcl,demo/jcl/XREFFILE.jcl,STEP20,4,IDCAMS,AWS.M2.CARDDEMO.CARDXREF.VSAM.AIX,,,Yes,VSAM AIX,DEFINE,CREATE
XREFFILE.jcl,demo/jcl/XREFFILE.jcl,STEP20,4,IDCAMS,AWS.M2.CARDDEMO.CARDXREF.VSAM.AIX.DATA,,,Yes,VSAM DATA,DEFINE,CREATE
XREFFILE.jcl,demo/jcl/XREFFILE.jcl,STEP20,4,IDCAMS,AWS.M2.CARDDEMO.CARDXREF.VSAM.AIX.INDEX,,,Yes,VSAM INDEX,DEFINE,CREATE
XREFFILE.jcl,demo/jcl/XREFFILE.jcl,STEP25,5,IDCAMS,AWS.M2.CARDDEMO.CARDXREF.VSAM.AIX,,,Yes,VSAM AIX,DEFINE,READ
XREFFILE.jcl,demo/jcl/XREFFILE.jcl,STEP25,5,IDCAMS,AWS.M2.CARDDEMO.CARDXREF.VSAM.AIX.PATH,,,Yes,VSAM PATH,DEFINE,CREATE
XREFFILE.jcl,demo/jcl/XREFFILE.jcl,STEP30,6,IDCAMS,AWS.M2.CARDDEMO.CARDXREF.VSAM.KSDS,,,Yes,VSAM KSDS,BLDINDEX,READ
XREFFILE.jcl,demo/jcl/XREFFILE.jcl,STEP30,6,IDCAMS,AWS.M2.CARDDEMO.CARDXREF.VSAM.AIX,,,Yes,VSAM AIX,BLDINDEX,WRITE
OPENFIL.jcl,demo/jcl/OPENFIL.jcl,OPCIFIL,1,SDSF,,,,Yes,,,
PRTCATBL.jcl,demo/jcl/PRTCATBL.jcl,DELDEF,1,IEFBR14,AWS.M2.CARDDEMO.TCATBALF.REPT,THEFILE,"MOD,DELETE",Yes,Non VSAM,DELETE,DELETE
PRTCATBL.jcl,demo/jcl/PRTCATBL.jcl,STEP05R.PRC001,2,IDCAMS,AWS.M2.CARDDEMO.TCATBALF.VSAM.KSDS,FILEIN,SHR,Yes,VSAM KSDS,REPRO,READ
PRTCATBL.jcl,demo/jcl/PRTCATBL.jcl,STEP05R.PRC001,2,IDCAMS,AWS.M2.CARDDEMO.TCATBALF.BKUP,FILEOUT,"NEW,CATLG,DELETE",Yes,GDG Base,REPRO,WRITE
PRTCATBL.jcl,demo/jcl/PRTCATBL.jcl,STEP05R.PRC001,2,IDCAMS,AWS.M2.CARDDEMO.CNTL(REPROCT),,SHR,Yes,Non VSAM,,
PRTCATBL.jcl,demo/jcl/PRTCATBL.jcl,STEP10R,4,SORT,AWS.M2.CARDDEMO.TCATBALF.REPT,SORTOUT,"NEW,CATLG,DELETE",Yes,Non VSAM,WRITE,WRITE
PRTCATBL.jcl,demo/jcl/PRTCATBL.jcl,STEP10R,4,SORT,AWS.M2.CARDDEMO.TCATBALF.BKUP,SORTIN,SHR,Yes,GDG Base,READ,READ
COMBTRAN.jcl,demo/jcl/COMBTRAN.jcl,STEP05R,1,SORT,AWS.M2.CARDDEMO.TRANSACT.BKUP,SORTIN,SHR,Yes,GDG Base,READ,READ
COMBTRAN.jcl,demo/jcl/COMBTRAN.jcl,STEP05R,1,SORT,AWS.M2.CARDDEMO.SYSTRAN,SORTIN,SHR,Yes,GDG Base,READ,READ
COMBTRAN.jcl,demo/jcl/COMBTRAN.jcl,STEP05R,1,SORT,AWS.M2.CARDDEMO.TRANSACT.COMBINED,SORTOUT,"NEW,CATLG,DELETE",Yes,GDG Base,WRITE,WRITE
COMBTRAN.jcl,demo/jcl/COMBTRAN.jcl,STEP10,2,IDCAMS,AWS.M2.CARDDEMO.TRANSACT.COMBINED,TRANSACT,SHR,Yes,GDG Base,REPRO,READ
COMBTRAN.jcl,demo/jcl/COMBTRAN.jcl,STEP10,2,IDCAMS,AWS.M2.CARDDEMO.TRANSACT.VSAM.KSDS,TRANVSAM,SHR,Yes,VSAM KSDS,REPRO,WRITE
READCARD.jcl,demo/jcl/READCARD.jcl,STEP05,1,CBACT02C,AWS.M2.CARDDEMO.CARDDATA.VSAM.KSDS,CARDFILE,SHR,No,VSAM KSDS,Dataset use,
INTRDRJ2.JCL,demo/jcl/INTRDRJ2.JCL,IDCAMS,1,IDCAMS,AWS.M2.CARDEMO.FTP.TEST.BKUP,IN,SHR,Yes,Dataset,Dataset use,
INTRDRJ2.JCL,demo/jcl/INTRDRJ2.JCL,IDCAMS,1,IDCAMS,AWS.M2.CARDEMO.FTP.TEST.BKUP.INTRDR,OUT,SHR,Yes,Dataset,Dataset use,
CREADB21.jcl,demo/app-transaction-type-db2/jcl/CREADB21.jcl,FREEPLN,1,IKJEFT01/DSN,AWS.M2.CARDDEMO.CNTL(DB2FREE),SYSTSIN,SHR,No,Non VSAM,,
CREADB21.jcl,demo/app-transaction-type-db2/jcl/CREADB21.jcl,CRCRDDB,2,IKJEFT01/DSNTIAD,AWS.M2.CARDDEMO.CNTL(DB2TIAD1),SYSTSIN,SHR,No,Non VSAM,,
CREADB21.jcl,demo/app-transaction-type-db2/jcl/CREADB21.jcl,CRCRDDB,2,IKJEFT01/DSNTIAD,AWS.M2.CARDDEMO.CNTL(DB2CREAT),,SHR,No,Non VSAM,,
CREADB21.jcl,demo/app-transaction-type-db2/jcl/CREADB21.jcl,CRCRDDB,2,IKJEFT01/DSNTIAD,CARDDEMO.TRANSACTION_TYPE:CARDSPC1:CARDDEMO,,,Yes,Database,CREATE,CREATE
CREADB21.jcl,demo/app-transaction-type-db2/jcl/CREADB21.jcl,CRCRDDB,2,IKJEFT01/DSNTIAD,CARDDEMO.TRANSACTION_TYPE_CATEGORY:CARDSTTC:CARDDEMO,,,Yes,Database,CREATE; UPDATE,CREATE; UPDATE
CREADB21.jcl,demo/app-transaction-type-db2/jcl/CREADB21.jcl,LDTTYPE,3,IEFBR14,,,,Yes,,,
CREADB21.jcl,demo/app-transaction-type-db2/jcl/CREADB21.jcl,RUNTEP2,4,IKJEFT01/DSNTEP4,AWS.M2.CARDDEMO.CNTL(DB2TEP41),SYSTSIN,SHR,No,Non VSAM,,
CREADB21.jcl,demo/app-transaction-type-db2/jcl/CREADB21.jcl,RUNTEP2,4,IKJEFT01/DSNTEP4,AWS.M2.CARDDEMO.CNTL(DB2LTTYP),,SHR,No,Non VSAM,,
CREADB21.jcl,demo/app-transaction-type-db2/jcl/CREADB21.jcl,RUNTEP2,4,IKJEFT01/DSNTEP4,CARDDEMO.TRANSACTION_TYPE:CARDSPC1:CARDDEMO,,,Yes,Database,WRITE,WRITE
CREADB21.jcl,demo/app-transaction-type-db2/jcl/CREADB21.jcl,LDTCCAT,5,IKJEFT01/DSNTEP4,AWS.M2.CARDDEMO.CNTL(DB2TEP41),SYSTSIN,SHR,No,Non VSAM,,
CREADB21.jcl,demo/app-transaction-type-db2/jcl/CREADB21.jcl,LDTCCAT,5,IKJEFT01/DSNTEP4,AWS.M2.CARDDEMO.CNTL(DB2LTCAT),,SHR,No,Non VSAM,,
CREADB21.jcl,demo/app-transaction-type-db2/jcl/CREADB21.jcl,LDTCCAT,5,IKJEFT01/DSNTEP4,CARDDEMO.TRANSACTION_TYPE_CATEGORY:CARDSTTC:CARDDEMO,,,Yes,Database,WRITE,WRITE
WAITSTEP.jcl,demo/jcl/WAITSTEP.jcl,WAIT,1,COBSWAIT,,,,No,,,
READXREF.jcl,demo/jcl/READXREF.jcl,STEP05,1,CBACT03C,AWS.M2.CARDDEMO.CARDXREF.VSAM.KSDS,XREFFILE,SHR,No,VSAM KSDS,Dataset use,
CBEXPORT.jcl,demo/jcl/CBEXPORT.jcl,STEP01,1,IDCAMS,AWS.M2.CARDDEMO.EXPORT.DATA,,,Yes,VSAM KSDS,DELETE; DEFINE,DELETE; CREATE
CBEXPORT.jcl,demo/jcl/CBEXPORT.jcl,STEP01,1,IDCAMS,AWS.M2.CARDDEMO.EXPORT.DATA.DATA,,,Yes,Dataset,DEFINE,CREATE
CBEXPORT.jcl,demo/jcl/CBEXPORT.jcl,STEP01,1,IDCAMS,AWS.M2.CARDDEMO.EXPORT.DATA.INDEX,,,Yes,Dataset,DEFINE,CREATE
CBEXPORT.jcl,demo/jcl/CBEXPORT.jcl,STEP02,2,CBEXPORT,AWS.M2.CARDDEMO.EXPORT.DATA,EXPFILE,SHR,No,VSAM KSDS,Dataset use,
CBEXPORT.jcl,demo/jcl/CBEXPORT.jcl,STEP02,2,CBEXPORT,AWS.M2.CARDDEMO.CUSTDATA.VSAM.KSDS,CUSTFILE,SHR,No,VSAM KSDS,Dataset use,
CBEXPORT.jcl,demo/jcl/CBEXPORT.jcl,STEP02,2,CBEXPORT,AWS.M2.CARDDEMO.ACCTDATA.VSAM.KSDS,ACCTFILE,SHR,No,VSAM KSDS,Dataset use,
CBEXPORT.jcl,demo/jcl/CBEXPORT.jcl,STEP02,2,CBEXPORT,AWS.M2.CARDDEMO.CARDXREF.VSAM.KSDS,XREFFILE,SHR,No,VSAM KSDS,Dataset use,
CBEXPORT.jcl,demo/jcl/CBEXPORT.jcl,STEP02,2,CBEXPORT,AWS.M2.CARDDEMO.TRANSACT.VSAM.KSDS,TRANSACT,SHR,No,VSAM KSDS,Dataset use,
CBEXPORT.jcl,demo/jcl/CBEXPORT.jcl,STEP02,2,CBEXPORT,AWS.M2.CARDDEMO.CARDDATA.VSAM.KSDS,CARDFILE,SHR,No,VSAM KSDS,Dataset use,
TRANBKP.jcl,demo/jcl/TRANBKP.jcl,STEP05R.PRC001,1,IDCAMS,AWS.M2.CARDDEMO.TRANSACT.VSAM.KSDS,FILEIN,SHR,Yes,VSAM KSDS,REPRO,READ
TRANBKP.jcl,demo/jcl/TRANBKP.jcl,STEP05R.PRC001,1,IDCAMS,AWS.M2.CARDDEMO.TRANSACT.BKUP,FILEOUT,"NEW,CATLG,DELETE",Yes,GDG Base,REPRO,WRITE
TRANBKP.jcl,demo/jcl/TRANBKP.jcl,STEP05R.PRC001,1,IDCAMS,AWS.M2.CARDDEMO.CNTL(REPROCT),,SHR,Yes,Non VSAM,,
TRANBKP.jcl,demo/jcl/TRANBKP.jcl,STEP05,3,IDCAMS,AWS.M2.CARDDEMO.TRANSACT.VSAM.KSDS,,,Yes,VSAM KSDS,DELETE,DELETE
TRANBKP.jcl,demo/jcl/TRANBKP.jcl,STEP05,3,IDCAMS,AWS.M2.CARDDEMO.TRANSACT.VSAM.AIX,,,Yes,VSAM AIX,DELETE,DELETE
TRANBKP.jcl,demo/jcl/TRANBKP.jcl,STEP10,4,IDCAMS,AWS.M2.CARDDEMO.TRANSACT.VSAM.KSDS,,,Yes,VSAM KSDS,DEFINE,CREATE
TRANBKP.jcl,demo/jcl/TRANBKP.jcl,STEP10,4,IDCAMS,AWS.M2.CARDDEMO.TRANSACT.VSAM.KSDS.DATA,,,Yes,VSAM DATA,DEFINE,CREATE
TRANBKP.jcl,demo/jcl/TRANBKP.jcl,STEP10,4,IDCAMS,AWS.M2.CARDDEMO.TRANSACT.VSAM.KSDS.INDEX,,,Yes,VSAM INDEX,DEFINE,CREATE
READCUST.jcl,demo/jcl/READCUST.jcl,STEP05,1,CBCUS01C,AWS.M2.CARDDEMO.CUSTDATA.VSAM.KSDS,CUSTFILE,SHR,No,VSAM KSDS,Dataset use,
DEFCUST.jcl,demo/jcl/DEFCUST.jcl,STEP05,1,IDCAMS,AWS.CCDA.CUSTDATA.CLUSTER,,,Yes,Dataset,DELETE,DELETE
DEFCUST.jcl,demo/jcl/DEFCUST.jcl,STEP05,1,IDCAMS,AWS.CUSTDATA.CLUSTER,,,Yes,VSAM KSDS,DEFINE,CREATE
DEFCUST.jcl,demo/jcl/DEFCUST.jcl,STEP05,1,IDCAMS,AWS.CUSTDATA.CLUSTER.DATA,,,Yes,Dataset,DEFINE,CREATE
DEFCUST.jcl,demo/jcl/DEFCUST.jcl,STEP05,1,IDCAMS,AWS.CUSTDATA.CLUSTER.INDEX,,,Yes,Dataset,DEFINE,CREATE
CUSTFILE.jcl,demo/jcl/CUSTFILE.jcl,CLCIFIL,1,SDSF,,,,Yes,,,
CUSTFILE.jcl,demo/jcl/CUSTFILE.jcl,STEP05,2,IDCAMS,AWS.M2.CARDDEMO.CUSTDATA.VSAM.KSDS,,,Yes,VSAM KSDS,DELETE,DELETE
CUSTFILE.jcl,demo/jcl/CUSTFILE.jcl,STEP10,3,IDCAMS,AWS.M2.CARDDEMO.CUSTDATA.VSAM.KSDS,,,Yes,VSAM KSDS,DEFINE,CREATE
CUSTFILE.jcl,demo/jcl/CUSTFILE.jcl,STEP10,3,IDCAMS,AWS.M2.CARDDEMO.CUSTDATA.VSAM.KSDS.DATA,,,Yes,VSAM DATA,DEFINE,CREATE
CUSTFILE.jcl,demo/jcl/CUSTFILE.jcl,STEP10,3,IDCAMS,AWS.M2.CARDDEMO.CUSTDATA.VSAM.KSDS.INDEX,,,Yes,VSAM INDEX,DEFINE,CREATE
CUSTFILE.jcl,demo/jcl/CUSTFILE.jcl,STEP15,4,IDCAMS,AWS.M2.CARDDEMO.CUSTDATA.VSAM.KSDS,CUSTVSAM,SHR,Yes,VSAM KSDS,REPRO,WRITE
CUSTFILE.jcl,demo/jcl/CUSTFILE.jcl,STEP15,4,IDCAMS,AWS.M2.CARDDEMO.CUSTDATA.PS,CUSTDATA,SHR,Yes,Non VSAM,REPRO,READ
CUSTFILE.jcl,demo/jcl/CUSTFILE.jcl,OPCIFIL,5,SDSF,,,,Yes,,,
TRANEXTR.jcl,demo/app-transaction-type-db2/jcl/TRANEXTR.jcl,STEP10,1,IEBGENER,AWS.M2.CARDDEMO.TRANTYPE.PS,SYSUT1,SHR,Yes,Non VSAM,READ,READ
TRANEXTR.jcl,demo/app-transaction-type-db2/jcl/TRANEXTR.jcl,STEP10,1,IEBGENER,AWS.M2.CARDDEMO.TRANTYPE.BKUP,SYSUT2,"NEW,CATLG",Yes,GDG Base,WRITE,WRITE
TRANEXTR.jcl,demo/app-transaction-type-db2/jcl/TRANEXTR.jcl,STEP20,2,IEBGENER,AWS.M2.CARDDEMO.TRANCATG.PS,SYSUT1,SHR,Yes,Non VSAM,READ,READ
TRANEXTR.jcl,demo/app-transaction-type-db2/jcl/TRANEXTR.jcl,STEP20,2,IEBGENER,AWS.M2.CARDDEMO.TRANCATG.PS.BKUP,SYSUT2,"NEW,CATLG",Yes,GDG Base,WRITE,WRITE
TRANEXTR.jcl,demo/app-transaction-type-db2/jcl/TRANEXTR.jcl,STEP30,3,IEFBR14,AWS.M2.CARDDEMO.TRANTYPE.PS,DD01,"MOD,DELETE,DELETE",Yes,Non VSAM,DELETE,DELETE
TRANEXTR.jcl,demo/app-transaction-type-db2/jcl/TRANEXTR.jcl,STEP30,3,IEFBR14,AWS.M2.CARDDEMO.TRANCATG.PS,DD02,"MOD,DELETE,DELETE",Yes,Non VSAM,DELETE,DELETE
TRANEXTR.jcl,demo/app-transaction-type-db2/jcl/TRANEXTR.jcl,STEP40,4,IKJEFT01/DSNTIAUL,AWS.M2.CARDDEMO.TRANTYPE.PS,SYSREC00,"NEW,CATLG,DELETE",No,Non VSAM,WRITE,WRITE
TRANEXTR.jcl,demo/app-transaction-type-db2/jcl/TRANEXTR.jcl,STEP40,4,IKJEFT01/DSNTIAUL,CARDDEMO.TRANSACTION_TYPE:CARDSPC1:CARDDEMO,,,Yes,Database,READ,READ
TRANEXTR.jcl,demo/app-transaction-type-db2/jcl/TRANEXTR.jcl,STEP50,5,IKJEFT01/DSNTIAUL,AWS.M2.CARDDEMO.TRANCATG.PS,SYSREC00,"NEW,CATLG,DELETE",No,Non VSAM,WRITE,WRITE
TRANEXTR.jcl,demo/app-transaction-type-db2/jcl/TRANEXTR.jcl,STEP50,5,IKJEFT01/DSNTIAUL,CARDDEMO.TRANSACTION_TYPE_CATEGORY:CARDSTTC:CARDDEMO,,,Yes,Database,READ,READ
TRANEXTR.jcl,demo/app-transaction-type-db2/jcl/TRANEXTR.jcl,,,,CARDDEMO.TRANSACTION_TYPE:CARDSPC1:CARDDEMO,,,,Database,"Create, Select",
TRANEXTR.jcl,demo/app-transaction-type-db2/jcl/TRANEXTR.jcl,,,,CARDDEMO.TRANSACTION_TYPE_CATEGORY:CARDSTTC:CARDDEMO,,,,Database,"Create, Select",
UNLDGSAM.JCL,demo/app-authorization-ims-db2-mq/jcl/UNLDGSAM.JCL,STEP01,1,DFSRRC00/DBUNLDGS,OEMA.IMS.IMSP.SDFSRESL,DFSRESLB,SHR,No,"Missing [Dataset, PDS]",Dataset use,
UNLDGSAM.JCL,demo/app-authorization-ims-db2-mq/jcl/UNLDGSAM.JCL,STEP01,1,DFSRRC00/DBUNLDGS,OEM.IMS.IMSP.PSBLIB,IMS,SHR,No,Dataset,Dataset use,
UNLDGSAM.JCL,demo/app-authorization-ims-db2-mq/jcl/UNLDGSAM.JCL,STEP01,1,DFSRRC00/DBUNLDGS,OEM.IMS.IMSP.DBDLIB,IMS,SHR,No,Dataset,Dataset use,
UNLDGSAM.JCL,demo/app-authorization-ims-db2-mq/jcl/UNLDGSAM.JCL,STEP01,1,DFSRRC00/DBUNLDGS,AWS.M2.CARDDEMO.PAUTDB.ROOT.GSAM,PASFILOP,"OLD,KEEP,KEEP",No,Dataset,Dataset use,
UNLDGSAM.JCL,demo/app-authorization-ims-db2-mq/jcl/UNLDGSAM.JCL,STEP01,1,DFSRRC00/DBUNLDGS,AWS.M2.CARDDEMO.PAUTDB.CHILD.GSAM,PADFILOP,"OLD,KEEP,KEEP",No,Dataset,Dataset use,
UNLDGSAM.JCL,demo/app-authorization-ims-db2-mq/jcl/UNLDGSAM.JCL,STEP01,1,DFSRRC00/DBUNLDGS,OEM.IMS.IMSP.PAUTHDB,DDPAUTP0,SHR,No,Dataset,PROCOPT,READ
UNLDGSAM.JCL,demo/app-authorization-ims-db2-mq/jcl/UNLDGSAM.JCL,STEP01,1,DFSRRC00/DBUNLDGS,OEM.IMS.IMSP.PAUTHDBX,DDPAUTX0,SHR,No,Dataset,Dataset use,
UNLDGSAM.JCL,demo/app-authorization-ims-db2-mq/jcl/UNLDGSAM.JCL,STEP01,1,DFSRRC00/DBUNLDGS,OEMPP.IMS.V15R01MB.PROCLIB(DFSVSMDB),DFSVSAMP,SHR,No,Dataset,,
INTCALC.jcl,demo/jcl/INTCALC.jcl,STEP15,1,CBACT04C,AWS.M2.CARDDEMO.TCATBALF.VSAM.KSDS,TCATBALF,SHR,No,VSAM KSDS,Dataset use,
INTCALC.jcl,demo/jcl/INTCALC.jcl,STEP15,1,CBACT04C,AWS.M2.CARDDEMO.CARDXREF.VSAM.KSDS,XREFFILE,SHR,No,VSAM KSDS,Dataset use,
INTCALC.jcl,demo/jcl/INTCALC.jcl,STEP15,1,CBACT04C,AWS.M2.CARDDEMO.CARDXREF.VSAM.AIX.PATH,XREFFIL1,SHR,No,VSAM PATH,Dataset use,
INTCALC.jcl,demo/jcl/INTCALC.jcl,STEP15,1,CBACT04C,AWS.M2.CARDDEMO.ACCTDATA.VSAM.KSDS,ACCTFILE,SHR,No,VSAM KSDS,Dataset use,
INTCALC.jcl,demo/jcl/INTCALC.jcl,STEP15,1,CBACT04C,AWS.M2.CARDDEMO.DISCGRP.VSAM.KSDS,DISCGRP,SHR,No,VSAM KSDS,Dataset use,
INTCALC.jcl,demo/jcl/INTCALC.jcl,STEP15,1,CBACT04C,AWS.M2.CARDDEMO.SYSTRAN,TRANSACT,"NEW,CATLG,DELETE",No,GDG Base,Dataset use,
MNTTRDB2.jcl,demo/app-transaction-type-db2/jcl/MNTTRDB2.jcl,STEP1,1,IKJEFT01/COBTUPDT,AWS.M2.CARDDEMO.DBRMLIB,DBRMLIB,SHR,No,Dataset,Dataset use,
MNTTRDB2.jcl,demo/app-transaction-type-db2/jcl/MNTTRDB2.jcl,STEP1,1,IKJEFT01/COBTUPDT,INPFILE,INPFILE,SHR,No,Dataset,Dataset use,
READACCT.jcl,demo/jcl/READACCT.jcl,PREDEL,1,IEFBR14,AWS.M2.CARDDEMO.ACCTDATA.PSCOMP,DD01,"MOD,DELETE,DELETE",Yes,Dataset,DELETE,DELETE
READACCT.jcl,demo/jcl/READACCT.jcl,PREDEL,1,IEFBR14,AWS.M2.CARDDEMO.ACCTDATA.ARRYPS,DD02,"MOD,DELETE,DELETE",Yes,Dataset,DELETE,DELETE
READACCT.jcl,demo/jcl/READACCT.jcl,PREDEL,1,IEFBR14,AWS.M2.CARDDEMO.ACCTDATA.VBPS,DD03,"MOD,DELETE,DELETE",Yes,Dataset,DELETE,DELETE
READACCT.jcl,demo/jcl/READACCT.jcl,STEP05,2,CBACT01C,AWS.M2.CARDDEMO.ACCTDATA.PSCOMP,OUTFILE,"NEW,CATLG,DELETE",No,Dataset,,
READACCT.jcl,demo/jcl/READACCT.jcl,STEP05,2,CBACT01C,AWS.M2.CARDDEMO.ACCTDATA.ARRYPS,ARRYFILE,"NEW,CATLG,DELETE",No,Dataset,,
READACCT.jcl,demo/jcl/READACCT.jcl,STEP05,2,CBACT01C,AWS.M2.CARDDEMO.ACCTDATA.VBPS,VBRCFILE,"NEW,CATLG,DELETE",No,Dataset,,
READACCT.jcl,demo/jcl/READACCT.jcl,STEP05,2,CBACT01C,AWS.M2.CARDDEMO.ACCTDATA.VSAM.KSDS,ACCTFILE,SHR,No,VSAM KSDS,Dataset use,
TRANCATG.jcl,demo/jcl/TRANCATG.jcl,STEP05,1,IDCAMS,AWS.M2.CARDDEMO.TRANCATG.VSAM.KSDS,,,Yes,VSAM KSDS,DELETE,DELETE
TRANCATG.jcl,demo/jcl/TRANCATG.jcl,STEP10,2,IDCAMS,AWS.M2.CARDDEMO.TRANCATG.VSAM.KSDS,,,Yes,VSAM KSDS,DEFINE,CREATE
TRANCATG.jcl,demo/jcl/TRANCATG.jcl,STEP10,2,IDCAMS,AWS.M2.CARDDEMO.TRANCATG.VSAM.KSDS.DATA,,,Yes,VSAM DATA,DEFINE,CREATE
TRANCATG.jcl,demo/jcl/TRANCATG.jcl,STEP10,2,IDCAMS,AWS.M2.CARDDEMO.TRANCATG.VSAM.KSDS.INDEX,,,Yes,VSAM INDEX,DEFINE,CREATE
TRANCATG.jcl,demo/jcl/TRANCATG.jcl,STEP15,3,IDCAMS,AWS.M2.CARDDEMO.TRANCATG.VSAM.KSDS,TCATVSAM,OLD,Yes,VSAM KSDS,REPRO,WRITE
TRANCATG.jcl,demo/jcl/TRANCATG.jcl,STEP15,3,IDCAMS,AWS.M2.CARDDEMO.TRANCATG.PS,TRANCATG,SHR,Yes,Non VSAM,REPRO,READ
CARDFILE.jcl,demo/jcl/CARDFILE.jcl,CLCIFIL,1,SDSF,,,,Yes,,,
CARDFILE.jcl,demo/jcl/CARDFILE.jcl,STEP05,2,IDCAMS,AWS.M2.CARDDEMO.CARDDATA.VSAM.KSDS,,,Yes,VSAM KSDS,DELETE,DELETE
CARDFILE.jcl,demo/jcl/CARDFILE.jcl,STEP05,2,IDCAMS,AWS.M2.CARDDEMO.CARDDATA.VSAM.AIX,,,Yes,VSAM AIX,DELETE,DELETE
CARDFILE.jcl,demo/jcl/CARDFILE.jcl,STEP10,3,IDCAMS,AWS.M2.CARDDEMO.CARDDATA.VSAM.KSDS,,,Yes,VSAM KSDS,DEFINE,CREATE
CARDFILE.jcl,demo/jcl/CARDFILE.jcl,STEP10,3,IDCAMS,AWS.M2.CARDDEMO.CARDDATA.VSAM.KSDS.DATA,,,Yes,VSAM DATA,DEFINE,CREATE
CARDFILE.jcl,demo/jcl/CARDFILE.jcl,STEP10,3,IDCAMS,AWS.M2.CARDDEMO.CARDDATA.VSAM.KSDS.INDEX,,,Yes,VSAM INDEX,DEFINE,CREATE
CARDFILE.jcl,demo/jcl/CARDFILE.jcl,STEP15,4,IDCAMS,AWS.M2.CARDDEMO.CARDDATA.VSAM.KSDS,CARDVSAM,SHR,Yes,VSAM KSDS,REPRO,WRITE
CARDFILE.jcl,demo/jcl/CARDFILE.jcl,STEP15,4,IDCAMS,AWS.M2.CARDDEMO.CARDDATA.PS,CARDDATA,SHR,Yes,Non VSAM,REPRO,READ
CARDFILE.jcl,demo/jcl/CARDFILE.jcl,STEP40,5,IDCAMS,AWS.M2.CARDDEMO.CARDDATA.VSAM.KSDS,,,Yes,VSAM KSDS,DEFINE,READ
CARDFILE.jcl,demo/jcl/CARDFILE.jcl,STEP40,5,IDCAMS,AWS.M2.CARDDEMO.CARDDATA.VSAM.AIX,,,Yes,VSAM AIX,DEFINE,CREATE
CARDFILE.jcl,demo/jcl/CARDFILE.jcl,STEP40,5,IDCAMS,AWS.M2.CARDDEMO.CARDDATA.VSAM.AIX.DATA,,,Yes,VSAM DATA,DEFINE,CREATE
CARDFILE.jcl,demo/jcl/CARDFILE.jcl,STEP40,5,IDCAMS,AWS.M2.CARDDEMO.CARDDATA.VSAM.AIX.INDEX,,,Yes,VSAM INDEX,DEFINE,CREATE
CARDFILE.jcl,demo/jcl/CARDFILE.jcl,STEP50,6,IDCAMS,AWS.M2.CARDDEMO.CARDDATA.VSAM.AIX,,,Yes,VSAM AIX,DEFINE,READ
CARDFILE.jcl,demo/jcl/CARDFILE.jcl,STEP50,6,IDCAMS,AWS.M2.CARDDEMO.CARDDATA.VSAM.AIX.PATH,,,Yes,VSAM PATH,DEFINE,CREATE
CARDFILE.jcl,demo/jcl/CARDFILE.jcl,STEP60,7,IDCAMS,AWS.M2.CARDDEMO.CARDDATA.VSAM.KSDS,,,Yes,VSAM KSDS,BLDINDEX,READ
CARDFILE.jcl,demo/jcl/CARDFILE.jcl,STEP60,7,IDCAMS,AWS.M2.CARDDEMO.CARDDATA.VSAM.AIX,,,Yes,VSAM AIX,BLDINDEX,WRITE
CARDFILE.jcl,demo/jcl/CARDFILE.jcl,OPCIFIL,8,SDSF,,,,Yes,,,
TCATBALF.jcl,demo/jcl/TCATBALF.jcl,STEP05,1,IDCAMS,AWS.M2.CARDDEMO.TCATBALF.VSAM.KSDS,,,Yes,VSAM KSDS,DELETE,DELETE
TCATBALF.jcl,demo/jcl/TCATBALF.jcl,STEP10,2,IDCAMS,AWS.M2.CARDDEMO.TCATBALF.VSAM.KSDS,,,Yes,VSAM KSDS,DEFINE,CREATE
TCATBALF.jcl,demo/jcl/TCATBALF.jcl,STEP10,2,IDCAMS,AWS.M2.CARDDEMO.TCATBALF.VSAM.KSDS.DATA,,,Yes,VSAM DATA,DEFINE,CREATE
TCATBALF.jcl,demo/jcl/TCATBALF.jcl,STEP10,2,IDCAMS,AWS.M2.CARDDEMO.TCATBALF.VSAM.KSDS.INDEX,,,Yes,VSAM INDEX,DEFINE,CREATE
TCATBALF.jcl,demo/jcl/TCATBALF.jcl,STEP15,3,IDCAMS,AWS.M2.CARDDEMO.TCATBALF.VSAM.KSDS,TCATBALV,OLD,Yes,VSAM KSDS,REPRO,WRITE
TCATBALF.jcl,demo/jcl/TCATBALF.jcl,STEP15,3,IDCAMS,AWS.M2.CARDDEMO.TCATBALF.PS,TCATBAL,SHR,Yes,Non VSAM,REPRO,READ
ESDSRRDS.jcl,demo/jcl/ESDSRRDS.jcl,PREDEL,1,IEFBR14,AWS.M2.CARDDEMO.ESDSRRDS.PS,DD01,"MOD,DELETE,DELETE",Yes,Dataset,DELETE,DELETE
ESDSRRDS.jcl,demo/jcl/ESDSRRDS.jcl,STEP01,2,IEBGENER,AWS.M2.CARDDEMO.ESDSRRDS.PS,SYSUT2,"NEW,CATLG,DELETE",Yes,Dataset,WRITE,WRITE
ESDSRRDS.jcl,demo/jcl/ESDSRRDS.jcl,STEP02,3,IDCAMS,AWS.M2.CARDDEMO.USRSEC.VSAM.ESDS,,,Yes,VSAM ESDS,DELETE; DEFINE,DELETE; CREATE
ESDSRRDS.jcl,demo/jcl/ESDSRRDS.jcl,STEP02,3,IDCAMS,AWS.M2.CARDDEMO.USRSEC.VSAM.ESDS.DAT,,,Yes,Dataset,DEFINE,CREATE
ESDSRRDS.jcl,demo/jcl/ESDSRRDS.jcl,STEP03,4,IDCAMS,AWS.M2.CARDDEMO.ESDSRRDS.PS,IN,SHR,Yes,Dataset,REPRO,READ
ESDSRRDS.jcl,demo/jcl/ESDSRRDS.jcl,STEP03,4,IDCAMS,AWS.M2.CARDDEMO.USRSEC.VSAM.ESDS,OUT,SHR,Yes,VSAM ESDS,REPRO,WRITE
ESDSRRDS.jcl,demo/jcl/ESDSRRDS.jcl,STEP04,5,IDCAMS,AWS.M2.CARDDEMO.USRSEC.VSAM.RRDS,,,Yes,VSAM RRDS,DELETE; DEFINE,DELETE; CREATE
ESDSRRDS.jcl,demo/jcl/ESDSRRDS.jcl,STEP04,5,IDCAMS,AWS.M2.CARDDEMO.USRSEC.VSAM.RRDS.DAT,,,Yes,Dataset,DEFINE,CREATE
ESDSRRDS.jcl,demo/jcl/ESDSRRDS.jcl,STEP05,6,IDCAMS,AWS.M2.CARDDEMO.ESDSRRDS.PS,IN,SHR,Yes,Dataset,REPRO,READ
ESDSRRDS.jcl,demo/jcl/ESDSRRDS.jcl,STEP05,6,IDCAMS,AWS.M2.CARDDEMO.USRSEC.VSAM.RRDS,OUT,SHR,Yes,VSAM RRDS,REPRO,WRITE
TXT2PDF1.JCL,demo/jcl/TXT2PDF1.JCL,TXT2PDF,1,IKJEFT1B,AWS.M2.LBD.TXT2PDF.EXEC,SYSEXEC,SHR,Yes,Dataset,Dataset use,
TXT2PDF1.JCL,demo/jcl/TXT2PDF1.JCL,TXT2PDF,1,IKJEFT1B,AWS.M2.CARDDEMO.STATEMNT.PS,INDD,SHR,Yes,Dataset,Dataset use,
CBIMPORT.jcl,demo/jcl/CBIMPORT.jcl,STEP01,1,CBIMPORT,AWS.M2.CARDDEMO.EXPORT.DATA,EXPFILE,SHR,No,VSAM KSDS,Dataset use,
CBIMPORT.jcl,demo/jcl/CBIMPORT.jcl,STEP01,1,CBIMPORT,AWS.M2.CARDDEMO.CUSTDATA.IMPORT,CUSTOUT,"NEW,CATLG,DELETE",No,Dataset,,
CBIMPORT.jcl,demo/jcl/CBIMPORT.jcl,STEP01,1,CBIMPORT,AWS.M2.CARDDEMO.ACCTDATA.IMPORT,ACCTOUT,"NEW,CATLG,DELETE",No,Dataset,,
CBIMPORT.jcl,demo/jcl/CBIMPORT.jcl,STEP01,1,CBIMPORT,AWS.M2.CARDDEMO.CARDXREF.IMPORT,XREFOUT,"NEW,CATLG,DELETE",No,Dataset,,
CBIMPORT.jcl,demo/jcl/CBIMPORT.jcl,STEP01,1,CBIMPORT,AWS.M2.CARDDEMO.TRANSACT.IMPORT,TRNXOUT,"NEW,CATLG,DELETE",No,Dataset,Dataset use,
CBIMPORT.jcl,demo/jcl/CBIMPORT.jcl,STEP01,1,CBIMPORT,AWS.M2.CARDDEMO.IMPORT.ERRORS,ERROUT,"NEW,CATLG,DELETE",No,Dataset,Dataset use,
INTRDRJ1.JCL,demo/jcl/INTRDRJ1.JCL,IDCAMS,1,IDCAMS,AWS.M2.CARDEMO.FTP.TEST,IN,SHR,Yes,Dataset,Dataset use,
INTRDRJ1.JCL,demo/jcl/INTRDRJ1.JCL,IDCAMS,1,IDCAMS,AWS.M2.CARDEMO.FTP.TEST.BKUP,OUT,SHR,Yes,Dataset,Dataset use,
INTRDRJ1.JCL,demo/jcl/INTRDRJ1.JCL,STEP01,2,IEBGENER,AWS.M2.CARDDEMO.JCL(INTRDRJ2),SYSUT1,SHR,Yes,Non VSAM,READ,READ
CBADMCDJ.jcl,demo/jcl/CBADMCDJ.jcl,STEP1,1,DFHCSDUP,OEM.CICSTS.DFHCSD,DFHCSD,SHR,Yes,Dataset,Dataset use,
TRANREPT.jcl,demo/jcl/TRANREPT.jcl,STEP05R.PRC001,1,IDCAMS,AWS.M2.CARDDEMO.TRANSACT.VSAM.KSDS,FILEIN,SHR,Yes,VSAM KSDS,REPRO,READ
TRANREPT.jcl,demo/jcl/TRANREPT.jcl,STEP05R.PRC001,1,IDCAMS,AWS.M2.CARDDEMO.TRANSACT.BKUP,FILEOUT,"NEW,CATLG,DELETE",Yes,GDG Base,REPRO,WRITE
TRANREPT.jcl,demo/jcl/TRANREPT.jcl,STEP05R,1,SORT,AWS.M2.CARDDEMO.TRANSACT.BKUP,SORTIN,SHR,Yes,GDG Base,READ,READ
TRANREPT.jcl,demo/jcl/TRANREPT.jcl,STEP05R.PRC001,1,IDCAMS,AWS.M2.CARDDEMO.CNTL(REPROCT),,SHR,Yes,Non VSAM,,
TRANREPT.jcl,demo/jcl/TRANREPT.jcl,STEP05R,1,SORT,AWS.M2.CARDDEMO.TRANSACT.DALY,SORTOUT,"NEW,CATLG,DELETE",Yes,GDG Base,WRITE,WRITE
TRANREPT.jcl,demo/jcl/TRANREPT.jcl,STEP10R,3,CBTRN03C,AWS.M2.CARDDEMO.TRANSACT.DALY,TRANFILE,SHR,No,GDG Base,Dataset use,
TRANREPT.jcl,demo/jcl/TRANREPT.jcl,STEP10R,3,CBTRN03C,AWS.M2.CARDDEMO.CARDXREF.VSAM.KSDS,CARDXREF,SHR,No,VSAM KSDS,Dataset use,
TRANREPT.jcl,demo/jcl/TRANREPT.jcl,STEP10R,3,CBTRN03C,AWS.M2.CARDDEMO.TRANTYPE.VSAM.KSDS,TRANTYPE,SHR,No,VSAM KSDS,Dataset use,
TRANREPT.jcl,demo/jcl/TRANREPT.jcl,STEP10R,3,CBTRN03C,AWS.M2.CARDDEMO.TRANCATG.VSAM.KSDS,TRANCATG,SHR,No,VSAM KSDS,Dataset use,
TRANREPT.jcl,demo/jcl/TRANREPT.jcl,STEP10R,3,CBTRN03C,AWS.M2.CARDDEMO.DATEPARM,DATEPARM,SHR,No,Non VSAM,Dataset use,
TRANREPT.jcl,demo/jcl/TRANREPT.jcl,STEP10R,3,CBTRN03C,AWS.M2.CARDDEMO.TRANREPT,TRANREPT,"NEW,CATLG,DELETE",No,GDG Base,Dataset use,
FTPJCL.JCL,demo/jcl/FTPJCL.JCL,STEP1,1,FTP,AWS.M2.CARDEMO.FTP.TEST,,,Yes,Dataset,PUT,READ
TRANFILE.jcl,demo/jcl/TRANFILE.jcl,CLCIFIL,1,SDSF,,,,Yes,,,
TRANFILE.jcl,demo/jcl/TRANFILE.jcl,STEP05,2,IDCAMS,AWS.M2.CARDDEMO.TRANSACT.VSAM.KSDS,,,Yes,VSAM KSDS,DELETE,DELETE
TRANFILE.jcl,demo/jcl/TRANFILE.jcl,STEP05,2,IDCAMS,AWS.M2.CARDDEMO.TRANSACT.VSAM.AIX,,,Yes,VSAM AIX,DELETE,DELETE
TRANFILE.jcl,demo/jcl/TRANFILE.jcl,STEP10,3,IDCAMS,AWS.M2.CARDDEMO.TRANSACT.VSAM.KSDS,,,Yes,VSAM KSDS,DEFINE,CREATE
TRANFILE.jcl,demo/jcl/TRANFILE.jcl,STEP10,3,IDCAMS,AWS.M2.CARDDEMO.TRANSACT.VSAM.KSDS.DATA,,,Yes,VSAM DATA,DEFINE,CREATE
TRANFILE.jcl,demo/jcl/TRANFILE.jcl,STEP10,3,IDCAMS,AWS.M2.CARDDEMO.TRANSACT.VSAM.KSDS.INDEX,,,Yes,VSAM INDEX,DEFINE,CREATE
TRANFILE.jcl,demo/jcl/TRANFILE.jcl,STEP15,4,IDCAMS,AWS.M2.CARDDEMO.TRANSACT.VSAM.KSDS,TRANVSAM,SHR,Yes,VSAM KSDS,REPRO,WRITE
TRANFILE.jcl,demo/jcl/TRANFILE.jcl,STEP15,4,IDCAMS,AWS.M2.CARDDEMO.DALYTRAN.PS.INIT,TRANSACT,SHR,Yes,Non VSAM,REPRO,READ
TRANFILE.jcl,demo/jcl/TRANFILE.jcl,STEP20,5,IDCAMS,AWS.M2.CARDDEMO.TRANSACT.VSAM.KSDS,,,Yes,VSAM KSDS,DEFINE,READ
TRANFILE.jcl,demo/jcl/TRANFILE.jcl,STEP20,5,IDCAMS,AWS.M2.CARDDEMO.TRANSACT.VSAM.AIX,,,Yes,VSAM AIX,DEFINE,CREATE
TRANFILE.jcl,demo/jcl/TRANFILE.jcl,STEP20,5,IDCAMS,AWS.M2.CARDDEMO.TRANSACT.VSAM.AIX.DATA,,,Yes,VSAM DATA,DEFINE,CREATE
TRANFILE.jcl,demo/jcl/TRANFILE.jcl,STEP20,5,IDCAMS,AWS.M2.CARDDEMO.TRANSACT.VSAM.AIX.INDEX,,,Yes,VSAM INDEX,DEFINE,CREATE
TRANFILE.jcl,demo/jcl/TRANFILE.jcl,STEP25,6,IDCAMS,AWS.M2.CARDDEMO.TRANSACT.VSAM.AIX,,,Yes,VSAM AIX,DEFINE,READ
TRANFILE.jcl,demo/jcl/TRANFILE.jcl,STEP25,6,IDCAMS,AWS.M2.CARDDEMO.TRANSACT.VSAM.AIX.PATH,,,Yes,VSAM PATH,DEFINE,CREATE
TRANFILE.jcl,demo/jcl/TRANFILE.jcl,STEP30,7,IDCAMS,AWS.M2.CARDDEMO.TRANSACT.VSAM.KSDS,,,Yes,VSAM KSDS,BLDINDEX,READ
TRANFILE.jcl,demo/jcl/TRANFILE.jcl,STEP30,7,IDCAMS,AWS.M2.CARDDEMO.TRANSACT.VSAM.AIX,,,Yes,VSAM AIX,BLDINDEX,WRITE
TRANFILE.jcl,demo/jcl/TRANFILE.jcl,OPCIFIL,8,SDSF,,,,Yes,,,
ACCTFILE.jcl,demo/jcl/ACCTFILE.jcl,STEP05,1,IDCAMS,AWS.M2.CARDDEMO.ACCTDATA.VSAM.KSDS,,,Yes,VSAM KSDS,DELETE,DELETE
ACCTFILE.jcl,demo/jcl/ACCTFILE.jcl,STEP10,2,IDCAMS,AWS.M2.CARDDEMO.ACCTDATA.VSAM.KSDS,,,Yes,VSAM KSDS,DEFINE,CREATE
ACCTFILE.jcl,demo/jcl/ACCTFILE.jcl,STEP10,2,IDCAMS,AWS.M2.CARDDEMO.ACCTDATA.VSAM.KSDS.DATA,,,Yes,VSAM DATA,DEFINE,CREATE
ACCTFILE.jcl,demo/jcl/ACCTFILE.jcl,STEP10,2,IDCAMS,AWS.M2.CARDDEMO.ACCTDATA.VSAM.KSDS.INDEX,,,Yes,VSAM INDEX,DEFINE,CREATE
ACCTFILE.jcl,demo/jcl/ACCTFILE.jcl,STEP15,3,IDCAMS,AWS.M2.CARDDEMO.ACCTDATA.VSAM.KSDS,ACCTVSAM,SHR,Yes,VSAM KSDS,REPRO,WRITE
ACCTFILE.jcl,demo/jcl/ACCTFILE.jcl,STEP15,3,IDCAMS,AWS.M2.CARDDEMO.ACCTDATA.PS,ACCTDATA,SHR,Yes,Non VSAM,REPRO,READ
CLOSEFIL.jcl,demo/jcl/CLOSEFIL.jcl,CLCIFIL,1,SDSF,,,,Yes,,,
DISCGRP.jcl,demo/jcl/DISCGRP.jcl,STEP05,1,IDCAMS,AWS.M2.CARDDEMO.DISCGRP.VSAM.KSDS,,,Yes,VSAM KSDS,DELETE,DELETE
DISCGRP.jcl,demo/jcl/DISCGRP.jcl,STEP10,2,IDCAMS,AWS.M2.CARDDEMO.DISCGRP.VSAM.KSDS,,,Yes,VSAM KSDS,DEFINE,CREATE
DISCGRP.jcl,demo/jcl/DISCGRP.jcl,STEP10,2,IDCAMS,AWS.M2.CARDDEMO.DISCGRP.VSAM.KSDS.DATA,,,Yes,VSAM DATA,DEFINE,CREATE
DISCGRP.jcl,demo/jcl/DISCGRP.jcl,STEP10,2,IDCAMS,AWS.M2.CARDDEMO.DISCGRP.VSAM.KSDS.INDEX,,,Yes,VSAM INDEX,DEFINE,CREATE
DISCGRP.jcl,demo/jcl/DISCGRP.jcl,STEP15,3,IDCAMS,AWS.M2.CARDDEMO.DISCGRP.VSAM.KSDS,DISCVSAM,OLD,Yes,VSAM KSDS,REPRO,WRITE
DISCGRP.jcl,demo/jcl/DISCGRP.jcl,STEP15,3,IDCAMS,AWS.M2.CARDDEMO.DISCGRP.PS,DISCGRP,SHR,Yes,Non VSAM,REPRO,READ
DALYREJS.jcl,demo/jcl/DALYREJS.jcl,STEP05,1,IDCAMS,AWS.M2.CARDDEMO.DALYREJS,,,Yes,GDG Base,DEFINE,CREATE
DBPAUTP0.jcl,demo/app-authorization-ims-db2-mq/jcl/DBPAUTP0.jcl,STEPDEL,1,IEFBR14,AWS.M2.CARDDEMO.IMSDATA.DBPAUTP0,SYSUT1,"MOD,DELETE",Yes,Dataset,DELETE,DELETE
DBPAUTP0.jcl,demo/app-authorization-ims-db2-mq/jcl/DBPAUTP0.jcl,UNLOAD,2,DFSRRC00/DFSURGU0,AWS.M2.CARDDEMO.IMSDATA.DBPAUTP0,DFSURGU1,",CATLG,DELETE",No,Dataset,,
DBPAUTP0.jcl,demo/app-authorization-ims-db2-mq/jcl/DBPAUTP0.jcl,UNLOAD,2,DFSRRC00/DFSURGU0,OEMA.IMS.IMSP.SDFSRESL,DFSRESLB,SHR,No,"Missing [Dataset, PDS]",Dataset use,
DBPAUTP0.jcl,demo/app-authorization-ims-db2-mq/jcl/DBPAUTP0.jcl,UNLOAD,2,DFSRRC00/DFSURGU0,OEM.IMS.IMSP.PSBLIB,IMS,SHR,No,Dataset,Dataset use,
DBPAUTP0.jcl,demo/app-authorization-ims-db2-mq/jcl/DBPAUTP0.jcl,UNLOAD,2,DFSRRC00/DFSURGU0,OEM.IMS.IMSP.DBDLIB,IMS,SHR,No,Dataset,Dataset use,
DBPAUTP0.jcl,demo/app-authorization-ims-db2-mq/jcl/DBPAUTP0.jcl,UNLOAD,2,DFSRRC00/DFSURGU0,OEM.IMS.IMSP.PAUTHDB,DDPAUTP0,SHR,No,Dataset,Dataset use,
DBPAUTP0.jcl,demo/app-authorization-ims-db2-mq/jcl/DBPAUTP0.jcl,UNLOAD,2,DFSRRC00/DFSURGU0,OEM.IMS.IMSP.PAUTHDBX,DDPAUTX0,SHR,No,Dataset,Dataset use,
DBPAUTP0.jcl,demo/app-authorization-ims-db2-mq/jcl/DBPAUTP0.jcl,UNLOAD,2,DFSRRC00/DFSURGU0,OEMPP.IMS.V15R01MB.PROCLIB(DFSVSMDB),DFSVSAMP,SHR,No,Dataset,,
DBPAUTP0.jcl,demo/app-authorization-ims-db2-mq/jcl/DBPAUTP0.jcl,UNLOAD,2,DFSRRC00/DFSURGU0,OEM.IMS.IMSP.RECON1,RECON1,SHR,No,Dataset,Dataset use,
DBPAUTP0.jcl,demo/app-authorization-ims-db2-mq/jcl/DBPAUTP0.jcl,UNLOAD,2,DFSRRC00/DFSURGU0,OEM.IMS.IMSP.RECON2,RECON2,SHR,No,Dataset,Dataset use,
DBPAUTP0.jcl,demo/app-authorization-ims-db2-mq/jcl/DBPAUTP0.jcl,UNLOAD,2,DFSRRC00/DFSURGU0,OEM.IMS.IMSP.RECON3,RECON3,SHR,No,Dataset,Dataset use,
TRANTYPE.jcl,demo/jcl/TRANTYPE.jcl,STEP05,1,IDCAMS,AWS.M2.CARDDEMO.TRANTYPE.VSAM.KSDS,,,Yes,VSAM KSDS,DELETE,DELETE
TRANTYPE.jcl,demo/jcl/TRANTYPE.jcl,STEP10,2,IDCAMS,AWS.M2.CARDDEMO.TRANTYPE.VSAM.KSDS,,,Yes,VSAM KSDS,DEFINE,CREATE
TRANTYPE.jcl,demo/jcl/TRANTYPE.jcl,STEP10,2,IDCAMS,AWS.M2.CARDDEMO.TRANTYPE.VSAM.KSDS.DATA,,,Yes,VSAM DATA,DEFINE,CREATE
TRANTYPE.jcl,demo/jcl/TRANTYPE.jcl,STEP10,2,IDCAMS,AWS.M2.CARDDEMO.TRANTYPE.VSAM.KSDS.INDEX,,,Yes,VSAM INDEX,DEFINE,CREATE
TRANTYPE.jcl,demo/jcl/TRANTYPE.jcl,STEP15,3,IDCAMS,AWS.M2.CARDDEMO.TRANTYPE.VSAM.KSDS,TTYPVSAM,OLD,Yes,VSAM KSDS,REPRO,WRITE
TRANTYPE.jcl,demo/jcl/TRANTYPE.jcl,STEP15,3,IDCAMS,AWS.M2.CARDDEMO.TRANTYPE.PS,TRANTYPE,SHR,Yes,Non VSAM,REPRO,READ
CREASTMT.JCL,demo/jcl/CREASTMT.JCL,DELDEF01,1,IDCAMS,AWS.M2.CARDDEMO.TRXFL.SEQ,,,Yes,Dataset,DELETE,DELETE
CREASTMT.JCL,demo/jcl/CREASTMT.JCL,DELDEF01,1,IDCAMS,AWS.M2.CARDDEMO.TRXFL.VSAM.KSDS,,,Yes,VSAM KSDS,DELETE; DEFINE,DELETE; CREATE
CREASTMT.JCL,demo/jcl/CREASTMT.JCL,DELDEF01,1,IDCAMS,AWS.M2.CARDDEMO.TRXFL.DATA,,,Yes,Dataset,DEFINE,CREATE
CREASTMT.JCL,demo/jcl/CREASTMT.JCL,DELDEF01,1,IDCAMS,AWS.M2.CARDDEMO.TRXFL.INDEX,,,Yes,Dataset,DEFINE,CREATE
CREASTMT.JCL,demo/jcl/CREASTMT.JCL,STEP010,2,SORT,AWS.M2.CARDDEMO.TRXFL.SEQ,SORTOUT,"NEW,CATLG,DELETE",Yes,Dataset,WRITE,WRITE
CREASTMT.JCL,demo/jcl/CREASTMT.JCL,STEP010,2,SORT,AWS.M2.CARDDEMO.TRANSACT.VSAM.KSDS,SORTIN,SHR,Yes,VSAM KSDS,READ,READ
CREASTMT.JCL,demo/jcl/CREASTMT.JCL,STEP020,3,IDCAMS,AWS.M2.CARDDEMO.TRXFL.SEQ,INFILE,SHR,Yes,Dataset,REPRO,READ
CREASTMT.JCL,demo/jcl/CREASTMT.JCL,STEP020,3,IDCAMS,AWS.M2.CARDDEMO.TRXFL.VSAM.KSDS,OUTFILE,SHR,Yes,VSAM KSDS,REPRO,WRITE
CREASTMT.JCL,demo/jcl/CREASTMT.JCL,STEP030,4,IEFBR14,AWS.M2.CARDDEMO.STATEMNT.HTML,HTMLFILE,"MOD,DELETE,DELETE",Yes,Dataset,DELETE,DELETE
CREASTMT.JCL,demo/jcl/CREASTMT.JCL,STEP030,4,IEFBR14,AWS.M2.CARDDEMO.STATEMNT.PS,STMTFILE,"MOD,DELETE,DELETE",Yes,Dataset,DELETE,DELETE
CREASTMT.JCL,demo/jcl/CREASTMT.JCL,STEP040,5,CBSTM03B,AWS.M2.CARDDEMO.TRXFL.VSAM.KSDS,TRNXFILE,SHR,No,VSAM KSDS,Dataset use,
CREASTMT.JCL,demo/jcl/CREASTMT.JCL,STEP040,5,CBSTM03A,AWS.M2.CARDDEMO.STATEMNT.HTML,HTMLFILE,"NEW,CATLG,DELETE",No,Dataset,Dataset use,
CREASTMT.JCL,demo/jcl/CREASTMT.JCL,STEP040,5,CBSTM03A,AWS.M2.CARDDEMO.STATEMNT.PS,STMTFILE,"NEW,CATLG,DELETE",No,Dataset,Dataset use,
CREASTMT.JCL,demo/jcl/CREASTMT.JCL,STEP040,5,CBSTM03B,AWS.M2.CARDDEMO.CARDXREF.VSAM.KSDS,XREFFILE,SHR,No,VSAM KSDS,Dataset use,
CREASTMT.JCL,demo/jcl/CREASTMT.JCL,STEP040,5,CBSTM03B,AWS.M2.CARDDEMO.ACCTDATA.VSAM.KSDS,ACCTFILE,SHR,No,VSAM KSDS,Dataset use,
CREASTMT.JCL,demo/jcl/CREASTMT.JCL,STEP040,5,CBSTM03B,AWS.M2.CARDDEMO.CUSTDATA.VSAM.KSDS,CUSTFILE,SHR,No,VSAM KSDS,Dataset use,
UNLDPADB.JCL,demo/app-authorization-ims-db2-mq/jcl/UNLDPADB.JCL,STEP0,1,IEFBR14,AWS.M2.CARDDEMO.PAUTDB.ROOT.FILEO,DD1,"OLD,DELETE,DELETE",Yes,Dataset,DELETE,DELETE
UNLDPADB.JCL,demo/app-authorization-ims-db2-mq/jcl/UNLDPADB.JCL,STEP0,1,IEFBR14,AWS.M2.CARDDEMO.PAUTDB.CHILD.FILEO,DD2,"OLD,DELETE,DELETE",Yes,Dataset,DELETE,DELETE
UNLDPADB.JCL,demo/app-authorization-ims-db2-mq/jcl/UNLDPADB.JCL,STEP01,2,DFSRRC00/PAUDBUNL,AWS.M2.CARDDEMO.PAUTDB.ROOT.FILEO,OUTFIL1,"NEW,CATLG,DELETE",No,Dataset,Dataset use,
UNLDPADB.JCL,demo/app-authorization-ims-db2-mq/jcl/UNLDPADB.JCL,STEP01,2,DFSRRC00/PAUDBUNL,AWS.M2.CARDDEMO.PAUTDB.CHILD.FILEO,OUTFIL2,"NEW,CATLG,DELETE",No,Dataset,Dataset use,
UNLDPADB.JCL,demo/app-authorization-ims-db2-mq/jcl/UNLDPADB.JCL,STEP01,2,DFSRRC00/PAUDBUNL,OEMA.IMS.IMSP.SDFSRESL,DFSRESLB,SHR,No,"Missing [Dataset, PDS]",Dataset use,
UNLDPADB.JCL,demo/app-authorization-ims-db2-mq/jcl/UNLDPADB.JCL,STEP01,2,DFSRRC00/PAUDBUNL,OEM.IMS.IMSP.PSBLIB,IMS,SHR,No,Dataset,Dataset use,
UNLDPADB.JCL,demo/app-authorization-ims-db2-mq/jcl/UNLDPADB.JCL,STEP01,2,DFSRRC00/PAUDBUNL,OEM.IMS.IMSP.DBDLIB,IMS,SHR,No,Dataset,Dataset use,
UNLDPADB.JCL,demo/app-authorization-ims-db2-mq/jcl/UNLDPADB.JCL,STEP01,2,DFSRRC00/PAUDBUNL,OEM.IMS.IMSP.PAUTHDB,DDPAUTP0,SHR,No,Dataset,PROCOPT,READ
UNLDPADB.JCL,demo/app-authorization-ims-db2-mq/jcl/UNLDPADB.JCL,STEP01,2,DFSRRC00/PAUDBUNL,OEM.IMS.IMSP.PAUTHDBX,DDPAUTX0,SHR,No,Dataset,Dataset use,
UNLDPADB.JCL,demo/app-authorization-ims-db2-mq/jcl/UNLDPADB.JCL,STEP01,2,DFSRRC00/PAUDBUNL,OEMPP.IMS.V15R01MB.PROCLIB(DFSVSMDB),DFSVSAMP,SHR,No,Dataset,,
REPTFILE.jcl,demo/jcl/REPTFILE.jcl,STEP05,1,IDCAMS,AWS.M2.CARDDEMO.TRANREPT,,,Yes,GDG Base,DEFINE,CREATE
POSTTRAN.jcl,demo/jcl/POSTTRAN.jcl,STEP15,1,CBTRN02C,AWS.M2.CARDDEMO.TRANSACT.VSAM.KSDS,TRANFILE,SHR,No,VSAM KSDS,Dataset use,
POSTTRAN.jcl,demo/jcl/POSTTRAN.jcl,STEP15,1,CBTRN02C,AWS.M2.CARDDEMO.DALYTRAN.PS,DALYTRAN,SHR,No,Non VSAM,Dataset use,
POSTTRAN.jcl,demo/jcl/POSTTRAN.jcl,STEP15,1,CBTRN02C,AWS.M2.CARDDEMO.CARDXREF.VSAM.KSDS,XREFFILE,SHR,No,VSAM KSDS,Dataset use,
POSTTRAN.jcl,demo/jcl/POSTTRAN.jcl,STEP15,1,CBTRN02C,AWS.M2.CARDDEMO.DALYREJS,DALYREJS,"NEW,CATLG,DELETE",No,GDG Base,Dataset use,
POSTTRAN.jcl,demo/jcl/POSTTRAN.jcl,STEP15,1,CBTRN02C,AWS.M2.CARDDEMO.ACCTDATA.VSAM.KSDS,ACCTFILE,SHR,No,VSAM KSDS,Dataset use,
POSTTRAN.jcl,demo/jcl/POSTTRAN.jcl,STEP15,1,CBTRN02C,AWS.M2.CARDDEMO.TCATBALF.VSAM.KSDS,TCATBALF,SHR,No,VSAM KSDS,Dataset use,
DUSRSECJ.jcl,demo/jcl/DUSRSECJ.jcl,PREDEL,1,IEFBR14,AWS.M2.CARDDEMO.USRSEC.PS,DD01,"MOD,DELETE,DELETE",Yes,Non VSAM,DELETE,DELETE
DUSRSECJ.jcl,demo/jcl/DUSRSECJ.jcl,STEP01,2,IEBGENER,AWS.M2.CARDDEMO.USRSEC.PS,SYSUT2,"NEW,CATLG,DELETE",Yes,Non VSAM,WRITE,WRITE
DUSRSECJ.jcl,demo/jcl/DUSRSECJ.jcl,STEP02,3,IDCAMS,AWS.M2.CARDDEMO.USRSEC.VSAM.KSDS,,,Yes,VSAM KSDS,DELETE; DEFINE,DELETE; CREATE
DUSRSECJ.jcl,demo/jcl/DUSRSECJ.jcl,STEP02,3,IDCAMS,AWS.M2.CARDDEMO.USRSEC.VSAM.KSDS.DAT,,,Yes,VSAM DATA,DEFINE,CREATE
DUSRSECJ.jcl,demo/jcl/DUSRSECJ.jcl,STEP02,3,IDCAMS,AWS.M2.CARDDEMO.USRSEC.VSAM.KSDS.IDX,,,Yes,VSAM INDEX,DEFINE,CREATE
DUSRSECJ.jcl,demo/jcl/DUSRSECJ.jcl,STEP03,4,IDCAMS,AWS.M2.CARDDEMO.USRSEC.PS,IN,SHR,Yes,Non VSAM,REPRO,READ
DUSRSECJ.jcl,demo/jcl/DUSRSECJ.jcl,STEP03,4,IDCAMS,AWS.M2.CARDDEMO.USRSEC.VSAM.KSDS,OUT,SHR,Yes,VSAM KSDS,REPRO,WRITE
DEFGDGB.jcl,demo/jcl/DEFGDGB.jcl,STEP05,1,IDCAMS,AWS.M2.CARDDEMO.TRANSACT.BKUP,,,Yes,GDG Base,DEFINE,CREATE
DEFGDGB.jcl,demo/jcl/DEFGDGB.jcl,STEP05,1,IDCAMS,AWS.M2.CARDDEMO.TRANSACT.DALY,,,Yes,GDG Base,DEFINE,CREATE
DEFGDGB.jcl,demo/jcl/DEFGDGB.jcl,STEP05,1,IDCAMS,AWS.M2.CARDDEMO.TRANREPT,,,Yes,GDG Base,DEFINE,CREATE
DEFGDGB.jcl,demo/jcl/DEFGDGB.jcl,STEP05,1,IDCAMS,AWS.M2.CARDDEMO.TCATBALF.BKUP,,,Yes,GDG Base,DEFINE,CREATE
DEFGDGB.jcl,demo/jcl/DEFGDGB.jcl,STEP05,1,IDCAMS,AWS.M2.CARDDEMO.SYSTRAN,,,Yes,GDG Base,DEFINE,CREATE
DEFGDGB.jcl,demo/jcl/DEFGDGB.jcl,STEP05,1,IDCAMS,AWS.M2.CARDDEMO.TRANSACT.COMBINED,,,Yes,GDG Base,DEFINE,CREATE
