File Name,File Path,Data Source Name,DD Name,Logical Name,Copybook Record Name,Copybook File Path,Data Source Type,Access Type,File Type
CBACT01C.cbl,demo/cbl/CBACT01C.cbl,AWS.M2.CARDDEMO.ACCTDATA.ARRYPS,ARRYFILE,ARRY-FILE,,,Dataset,WRITE,COBOL
CBACT01C.cbl,demo/cbl/CBACT01C.cbl,AWS.M2.CARDDEMO.ACCTDATA.PSCOMP,OUTFILE,OUT-FILE,,,Dataset,WRITE,COBOL
CBACT01C.cbl,demo/cbl/CBACT01C.cbl,AWS.M2.CARDDEMO.ACCTDATA.VBPS,VBRCFILE,VBRC-FILE,,,Dataset,WRITE,COBOL
CBACT01C.cbl,demo/cbl/CBACT01C.cbl,AWS.M2.CARDDEMO.ACCTDATA.VSAM.KSDS,ACCTFILE,ACCTFILE-FILE,ACCOUNT-RECORD,demo/cpy/CVACT01Y.cpy,VSAM KSDS,READ,COBOL
CBACT02C.cbl,demo/cbl/CBACT02C.cbl,AWS.M2.CARDDEMO.CARDDATA.VSAM.KSDS,CARDFILE,CARDFILE-FILE,CARD-RECORD,demo/cpy/CVACT02Y.cpy,VSAM KSDS,READ,COBOL
CBACT03C.cbl,demo/cbl/CBACT03C.cbl,AWS.M2.CARDDEMO.CARDXREF.VSAM.KSDS,XREFFILE,XREFFILE-FILE,CARD-XREF-RECORD,demo/cpy/CVACT03Y.cpy,VSAM KSDS,READ,COBOL
CBACT04C.cbl,demo/cbl/CBACT04C.cbl,AWS.M2.CARDDEMO.ACCTDATA.VSAM.KSDS,ACCTFILE,ACCOUNT-FILE,ACCOUNT-RECORD,demo/cpy/CVACT01Y.cpy,VSAM KSDS,READ; UPDATE; WRITE,COBOL
CBACT04C.cbl,demo/cbl/CBACT04C.cbl,AWS.M2.CARDDEMO.CARDXREF.VSAM.AIX.PATH,XREFFIL1,,,,VSAM PATH,,COBOL
CBACT04C.cbl,demo/cbl/CBACT04C.cbl,AWS.M2.CARDDEMO.CARDXREF.VSAM.KSDS,XREFFILE,XREF-FILE,CARD-XREF-RECORD,demo/cpy/CVACT03Y.cpy,VSAM KSDS,READ,COBOL
CBACT04C.cbl,demo/cbl/CBACT04C.cbl,AWS.M2.CARDDEMO.DISCGRP.VSAM.KSDS,DISCGRP,DISCGRP-FILE,DIS-GROUP-RECORD,demo/cpy/CVTRA02Y.cpy,VSAM KSDS,READ,COBOL
CBACT04C.cbl,demo/cbl/CBACT04C.cbl,AWS.M2.CARDDEMO.SYSTRAN,TRANSACT,TRANSACT-FILE,TRAN-RECORD,demo/cpy/CVTRA05Y.cpy,GDG Base,WRITE,COBOL
CBACT04C.cbl,demo/cbl/CBACT04C.cbl,AWS.M2.CARDDEMO.TCATBALF.VSAM.KSDS,TCATBALF,TCATBAL-FILE,TRAN-CAT-BAL-RECORD,demo/cpy/CVTRA01Y.cpy,VSAM KSDS,READ,COBOL
CBCUS01C.cbl,demo/cbl/CBCUS01C.cbl,AWS.M2.CARDDEMO.CUSTDATA.VSAM.KSDS,CUSTFILE,CUSTFILE-FILE,CUSTOMER-RECORD,demo/cpy/CVCUS01Y.cpy,VSAM KSDS,READ,COBOL
CBEXPORT.cbl,demo/cbl/CBEXPORT.cbl,AWS.M2.CARDDEMO.ACCTDATA.VSAM.KSDS,ACCTFILE,ACCOUNT-INPUT,ACCOUNT-RECORD,demo/cpy/CVACT01Y.cpy,VSAM KSDS,READ,COBOL
CBEXPORT.cbl,demo/cbl/CBEXPORT.cbl,AWS.M2.CARDDEMO.CARDDATA.VSAM.KSDS,CARDFILE,CARD-INPUT,CARD-RECORD,demo/cpy/CVACT02Y.cpy,VSAM KSDS,READ,COBOL
CBEXPORT.cbl,demo/cbl/CBEXPORT.cbl,AWS.M2.CARDDEMO.CARDXREF.VSAM.KSDS,XREFFILE,XREF-INPUT,CARD-XREF-RECORD,demo/cpy/CVACT03Y.cpy,VSAM KSDS,READ,COBOL
CBEXPORT.cbl,demo/cbl/CBEXPORT.cbl,AWS.M2.CARDDEMO.CUSTDATA.VSAM.KSDS,CUSTFILE,CUSTOMER-INPUT,CUSTOMER-RECORD,demo/cpy/CVCUS01Y.cpy,VSAM KSDS,READ,COBOL
CBEXPORT.cbl,demo/cbl/CBEXPORT.cbl,AWS.M2.CARDDEMO.EXPORT.DATA,EXPFILE,EXPORT-OUTPUT,EXPORT-RECORD,demo/cpy/CVEXPORT.cpy,VSAM KSDS,WRITE,COBOL
CBEXPORT.cbl,demo/cbl/CBEXPORT.cbl,AWS.M2.CARDDEMO.TRANSACT.VSAM.KSDS,TRANSACT,TRANSACTION-INPUT,TRAN-RECORD,demo/cpy/CVTRA05Y.cpy,VSAM KSDS,READ,COBOL
CBIMPORT.cbl,demo/cbl/CBIMPORT.cbl,AWS.M2.CARDDEMO.ACCTDATA.IMPORT,ACCTOUT,ACCOUNT-OUTPUT,ACCOUNT-RECORD,demo/cpy/CVACT01Y.cpy,Dataset,WRITE,COBOL
CBIMPORT.cbl,demo/cbl/CBIMPORT.cbl,AWS.M2.CARDDEMO.CARDXREF.IMPORT,XREFOUT,XREF-OUTPUT,CARD-XREF-RECORD,demo/cpy/CVACT03Y.cpy,Dataset,WRITE,COBOL
CBIMPORT.cbl,demo/cbl/CBIMPORT.cbl,AWS.M2.CARDDEMO.CUSTDATA.IMPORT,CUSTOUT,CUSTOMER-OUTPUT,CUSTOMER-RECORD,demo/cpy/CVCUS01Y.cpy,Dataset,WRITE,COBOL
CBIMPORT.cbl,demo/cbl/CBIMPORT.cbl,AWS.M2.CARDDEMO.EXPORT.DATA,EXPFILE,EXPORT-INPUT,EXPORT-RECORD,demo/cpy/CVEXPORT.cpy,VSAM KSDS,READ,COBOL
CBIMPORT.cbl,demo/cbl/CBIMPORT.cbl,AWS.M2.CARDDEMO.IMPORT.ERRORS,ERROUT,ERROR-OUTPUT,,,Dataset,WRITE,COBOL
CBIMPORT.cbl,demo/cbl/CBIMPORT.cbl,AWS.M2.CARDDEMO.TRANSACT.IMPORT,TRNXOUT,TRANSACTION-OUTPUT,TRAN-RECORD,demo/cpy/CVTRA05Y.cpy,Dataset,WRITE,COBOL
CBPAUP0C.cbl,demo/app-authorization-ims-db2-mq/cbl/CBPAUP0C.cbl,IMS.DBDLIB,IMS,,,,Dataset,,COBOL
CBPAUP0C.cbl,demo/app-authorization-ims-db2-mq/cbl/CBPAUP0C.cbl,IMS.PROCLIB,PROCLIB,,,,Dataset,,COBOL
CBPAUP0C.cbl,demo/app-authorization-ims-db2-mq/cbl/CBPAUP0C.cbl,IMS.PSBLIB,IMS,,,,Dataset,,COBOL
CBPAUP0C.cbl,demo/app-authorization-ims-db2-mq/cbl/CBPAUP0C.cbl,IMS.SDFSRESL,DFSRESLB,,,,"Missing [Dataset, PDS]",,COBOL
CBPAUP0C.cbl,demo/app-authorization-ims-db2-mq/cbl/CBPAUP0C.cbl,IMS.SDFSRESL,DFSSEL,,,,"Missing [Dataset, PDS]",,COBOL
CBSTM03A.cbl,demo/cbl/CBSTM03A.CBL,AWS.M2.CARDDEMO.STATEMNT.HTML,HTMLFILE,HTML-FILE,,,Dataset,WRITE,COBOL
CBSTM03A.cbl,demo/cbl/CBSTM03A.CBL,AWS.M2.CARDDEMO.STATEMNT.PS,STMTFILE,STMT-FILE,,,Dataset,WRITE,COBOL
CBSTM03B.cbl,demo/cbl/CBSTM03B.CBL,AWS.M2.CARDDEMO.ACCTDATA.VSAM.KSDS,ACCTFILE,ACCT-FILE,,,VSAM KSDS,READ,COBOL
CBSTM03B.cbl,demo/cbl/CBSTM03B.CBL,AWS.M2.CARDDEMO.CARDXREF.VSAM.KSDS,XREFFILE,XREF-FILE,,,VSAM KSDS,READ,COBOL
CBSTM03B.cbl,demo/cbl/CBSTM03B.CBL,AWS.M2.CARDDEMO.CUSTDATA.VSAM.KSDS,CUSTFILE,CUST-FILE,,,VSAM KSDS,READ,COBOL
CBSTM03B.cbl,demo/cbl/CBSTM03B.CBL,AWS.M2.CARDDEMO.TRXFL.VSAM.KSDS,TRNXFILE,TRNX-FILE,,,VSAM KSDS,READ,COBOL
CBTRN02C.cbl,demo/cbl/CBTRN02C.cbl,AWS.M2.CARDDEMO.ACCTDATA.VSAM.KSDS,ACCTFILE,ACCOUNT-FILE,ACCOUNT-RECORD,demo/cpy/CVACT01Y.cpy,VSAM KSDS,READ; UPDATE; WRITE,COBOL
CBTRN02C.cbl,demo/cbl/CBTRN02C.cbl,AWS.M2.CARDDEMO.CARDXREF.VSAM.KSDS,XREFFILE,XREF-FILE,CARD-XREF-RECORD,demo/cpy/CVACT03Y.cpy,VSAM KSDS,READ,COBOL
CBTRN02C.cbl,demo/cbl/CBTRN02C.cbl,AWS.M2.CARDDEMO.DALYREJS,DALYREJS,DALYREJS-FILE,,,GDG Base,WRITE,COBOL
CBTRN02C.cbl,demo/cbl/CBTRN02C.cbl,AWS.M2.CARDDEMO.DALYTRAN.PS,DALYTRAN,DALYTRAN-FILE,DALYTRAN-RECORD,demo/cpy/CVTRA06Y.cpy,Non VSAM,READ,COBOL
CBTRN02C.cbl,demo/cbl/CBTRN02C.cbl,AWS.M2.CARDDEMO.TCATBALF.VSAM.KSDS,TCATBALF,TCATBAL-FILE,TRAN-CAT-BAL-RECORD,demo/cpy/CVTRA01Y.cpy,VSAM KSDS,READ; UPDATE; WRITE,COBOL
CBTRN02C.cbl,demo/cbl/CBTRN02C.cbl,AWS.M2.CARDDEMO.TRANSACT.VSAM.KSDS,TRANFILE,TRANSACT-FILE,TRAN-RECORD,demo/cpy/CVTRA05Y.cpy,VSAM KSDS,WRITE,COBOL
CBTRN03C.cbl,demo/cbl/CBTRN03C.cbl,AWS.M2.CARDDEMO.CARDXREF.VSAM.KSDS,CARDXREF,XREF-FILE,CARD-XREF-RECORD,demo/cpy/CVACT03Y.cpy,VSAM KSDS,READ,COBOL
CBTRN03C.cbl,demo/cbl/CBTRN03C.cbl,AWS.M2.CARDDEMO.DATEPARM,DATEPARM,DATE-PARMS-FILE,,,Non VSAM,READ,COBOL
CBTRN03C.cbl,demo/cbl/CBTRN03C.cbl,AWS.M2.CARDDEMO.TRANCATG.VSAM.KSDS,TRANCATG,TRANCATG-FILE,TRAN-CAT-RECORD,demo/cpy/CVTRA04Y.cpy,VSAM KSDS,READ,COBOL
CBTRN03C.cbl,demo/cbl/CBTRN03C.cbl,AWS.M2.CARDDEMO.TRANREPT,TRANREPT,REPORT-FILE,REPORT-PAGE-TOTALS,demo/cpy/CVTRA07Y.cpy,GDG Base,WRITE,COBOL
CBTRN03C.cbl,demo/cbl/CBTRN03C.cbl,AWS.M2.CARDDEMO.TRANREPT,TRANREPT,REPORT-FILE,TRANSACTION-HEADER-2,demo/cpy/CVTRA07Y.cpy,GDG Base,WRITE,COBOL
CBTRN03C.cbl,demo/cbl/CBTRN03C.cbl,AWS.M2.CARDDEMO.TRANREPT,TRANREPT,REPORT-FILE,REPORT-ACCOUNT-TOTALS,demo/cpy/CVTRA07Y.cpy,GDG Base,WRITE,COBOL
CBTRN03C.cbl,demo/cbl/CBTRN03C.cbl,AWS.M2.CARDDEMO.TRANREPT,TRANREPT,REPORT-FILE,REPORT-GRAND-TOTALS,demo/cpy/CVTRA07Y.cpy,GDG Base,WRITE,COBOL
CBTRN03C.cbl,demo/cbl/CBTRN03C.cbl,AWS.M2.CARDDEMO.TRANREPT,TRANREPT,REPORT-FILE,REPORT-NAME-HEADER,demo/cpy/CVTRA07Y.cpy,GDG Base,WRITE,COBOL
CBTRN03C.cbl,demo/cbl/CBTRN03C.cbl,AWS.M2.CARDDEMO.TRANREPT,TRANREPT,REPORT-FILE,TRANSACTION-HEADER-1,demo/cpy/CVTRA07Y.cpy,GDG Base,WRITE,COBOL
CBTRN03C.cbl,demo/cbl/CBTRN03C.cbl,AWS.M2.CARDDEMO.TRANREPT,TRANREPT,REPORT-FILE,TRANSACTION-DETAIL-REPORT,demo/cpy/CVTRA07Y.cpy,GDG Base,WRITE,COBOL
CBTRN03C.cbl,demo/cbl/CBTRN03C.cbl,AWS.M2.CARDDEMO.TRANSACT.DALY,TRANFILE,TRANSACT-FILE,TRAN-RECORD,demo/cpy/CVTRA05Y.cpy,GDG Base,READ,COBOL
CBTRN03C.cbl,demo/cbl/CBTRN03C.cbl,AWS.M2.CARDDEMO.TRANTYPE.VSAM.KSDS,TRANTYPE,TRANTYPE-FILE,TRAN-TYPE-RECORD,demo/cpy/CVTRA03Y.cpy,VSAM KSDS,READ,COBOL
COACCT01.cbl,demo/app-vsam-mq/cbl/COACCT01.cbl,AWS.M2.CARDDEMO.ACCTDATA.VSAM.KSDS,,ACCTDAT,ACCOUNT-RECORD,demo/cpy/CVACT01Y.cpy,VSAM KSDS,READ,COBOL
COACTUPC.cbl,demo/cbl/COACTUPC.cbl,AWS.M2.CARDDEMO.ACCTDATA.VSAM.KSDS,,ACCTDAT,ACCOUNT-RECORD,demo/cpy/CVACT01Y.cpy,VSAM KSDS,READ; UPDATE; WRITE,COBOL
COACTUPC.cbl,demo/cbl/COACTUPC.cbl,AWS.M2.CARDDEMO.CARDXREF.VSAM.AIX.PATH,,CXACAIX,CARD-XREF-RECORD,demo/cpy/CVACT03Y.cpy,VSAM PATH,READ,COBOL
COACTUPC.cbl,demo/cbl/COACTUPC.cbl,AWS.M2.CARDDEMO.CUSTDATA.VSAM.KSDS,,CUSTDAT,CUSTOMER-RECORD,demo/cpy/CVCUS01Y.cpy,VSAM KSDS,READ; UPDATE; WRITE,COBOL
COACTVWC.cbl,demo/cbl/COACTVWC.cbl,AWS.M2.CARDDEMO.ACCTDATA.VSAM.KSDS,,ACCTDAT,ACCOUNT-RECORD,demo/cpy/CVACT01Y.cpy,VSAM KSDS,READ,COBOL
COACTVWC.cbl,demo/cbl/COACTVWC.cbl,AWS.M2.CARDDEMO.CARDXREF.VSAM.AIX.PATH,,CXACAIX,CARD-XREF-RECORD,demo/cpy/CVACT03Y.cpy,VSAM PATH,READ,COBOL
COACTVWC.cbl,demo/cbl/COACTVWC.cbl,AWS.M2.CARDDEMO.CUSTDATA.VSAM.KSDS,,CUSTDAT,CUSTOMER-RECORD,demo/cpy/CVCUS01Y.cpy,VSAM KSDS,READ,COBOL
COBIL00C.cbl,demo/cbl/COBIL00C.cbl,AWS.M2.CARDDEMO.ACCTDATA.VSAM.KSDS,,ACCTDAT,ACCOUNT-RECORD,demo/cpy/CVACT01Y.cpy,VSAM KSDS,READ; UPDATE; WRITE,COBOL
COBIL00C.cbl,demo/cbl/COBIL00C.cbl,AWS.M2.CARDDEMO.CARDXREF.VSAM.AIX.PATH,,CXACAIX,CARD-XREF-RECORD,demo/cpy/CVACT03Y.cpy,VSAM PATH,READ,COBOL
COBIL00C.cbl,demo/cbl/COBIL00C.cbl,AWS.M2.CARDDEMO.TRANSACT.VSAM.KSDS,,TRANSACT,TRAN-RECORD,demo/cpy/CVTRA05Y.cpy,VSAM KSDS,READ; WRITE,COBOL
COBTUPDT.cbl,demo/app-transaction-type-db2/cbl/COBTUPDT.cbl,AWS.M2.CARDDEMO.DBRMLIB,DBRMLIB,,,,Dataset,,COBOL
COBTUPDT.cbl,demo/app-transaction-type-db2/cbl/COBTUPDT.cbl,INPFILE,INPFILE,TR-RECORD,,,Dataset,READ,COBOL
COCRDLIC.cbl,demo/cbl/COCRDLIC.cbl,AWS.M2.CARDDEMO.CARDDATA.VSAM.KSDS,,CARDDAT,CARD-RECORD,demo/cpy/CVACT02Y.cpy,VSAM KSDS,READ,COBOL
COCRDSLC.cbl,demo/cbl/COCRDSLC.cbl,AWS.M2.CARDDEMO.CARDDATA.VSAM.AIX.PATH,,CARDAIX,CARD-RECORD,demo/cpy/CVACT02Y.cpy,VSAM PATH,READ,COBOL
COCRDSLC.cbl,demo/cbl/COCRDSLC.cbl,AWS.M2.CARDDEMO.CARDDATA.VSAM.KSDS,,CARDDAT,CARD-RECORD,demo/cpy/CVACT02Y.cpy,VSAM KSDS,READ,COBOL
COCRDUPC.cbl,demo/cbl/COCRDUPC.cbl,AWS.M2.CARDDEMO.CARDDATA.VSAM.KSDS,,CARDDAT,CARD-RECORD,demo/cpy/CVACT02Y.cpy,VSAM KSDS,READ; UPDATE; WRITE,COBOL
COPAUA0C.cbl,demo/app-authorization-ims-db2-mq/cbl/COPAUA0C.cbl,AWS.M2.CARDDEMO.ACCTDATA.VSAM.KSDS,,ACCTDAT,ACCOUNT-RECORD,demo/cpy/CVACT01Y.cpy,VSAM KSDS,READ,COBOL
COPAUA0C.cbl,demo/app-authorization-ims-db2-mq/cbl/COPAUA0C.cbl,AWS.M2.CARDDEMO.CARDXREF.VSAM.KSDS,,CCXREF,CARD-XREF-RECORD,demo/cpy/CVACT03Y.cpy,VSAM KSDS,READ,COBOL
COPAUA0C.cbl,demo/app-authorization-ims-db2-mq/cbl/COPAUA0C.cbl,AWS.M2.CARDDEMO.CUSTDATA.VSAM.KSDS,,CUSTDAT,CUSTOMER-RECORD,demo/cpy/CVCUS01Y.cpy,VSAM KSDS,READ,COBOL
COPAUS0C.cbl,demo/app-authorization-ims-db2-mq/cbl/COPAUS0C.cbl,AWS.M2.CARDDEMO.ACCTDATA.VSAM.KSDS,,ACCTDAT,ACCOUNT-RECORD,demo/cpy/CVACT01Y.cpy,VSAM KSDS,READ,COBOL
COPAUS0C.cbl,demo/app-authorization-ims-db2-mq/cbl/COPAUS0C.cbl,AWS.M2.CARDDEMO.CARDXREF.VSAM.AIX.PATH,,CXACAIX,CARD-XREF-RECORD,demo/cpy/CVACT03Y.cpy,VSAM PATH,READ,COBOL
COPAUS0C.cbl,demo/app-authorization-ims-db2-mq/cbl/COPAUS0C.cbl,AWS.M2.CARDDEMO.CUSTDATA.VSAM.KSDS,,CUSTDAT,CUSTOMER-RECORD,demo/cpy/CVCUS01Y.cpy,VSAM KSDS,READ,COBOL
COPAUS2C.cbl,demo/app-authorization-ims-db2-mq/cbl/COPAUS2C.cbl,CARDDEMO.AUTHFRDS,,CARDDEMO.AUTHFRDS,,,Database,INSERT; UPDATE,COBOL
COSGN00C.cbl,demo/cbl/COSGN00C.cbl,AWS.M2.CARDDEMO.USRSEC.VSAM.KSDS,,USRSEC,SEC-USER-DATA,demo/cpy/CSUSR01Y.cpy,VSAM KSDS,READ,COBOL
COTRN00C.cbl,demo/cbl/COTRN00C.cbl,AWS.M2.CARDDEMO.TRANSACT.VSAM.KSDS,,TRANSACT,TRAN-RECORD,demo/cpy/CVTRA05Y.cpy,VSAM KSDS,READ,COBOL
COTRN01C.cbl,demo/cbl/COTRN01C.cbl,AWS.M2.CARDDEMO.TRANSACT.VSAM.KSDS,,TRANSACT,TRAN-RECORD,demo/cpy/CVTRA05Y.cpy,VSAM KSDS,READ,COBOL
COTRN02C.cbl,demo/cbl/COTRN02C.cbl,AWS.M2.CARDDEMO.CARDXREF.VSAM.AIX.PATH,,CXACAIX,CARD-XREF-RECORD,demo/cpy/CVACT03Y.cpy,VSAM PATH,READ,COBOL
COTRN02C.cbl,demo/cbl/COTRN02C.cbl,AWS.M2.CARDDEMO.CARDXREF.VSAM.KSDS,,CCXREF,CARD-XREF-RECORD,demo/cpy/CVACT03Y.cpy,VSAM KSDS,READ,COBOL
COTRN02C.cbl,demo/cbl/COTRN02C.cbl,AWS.M2.CARDDEMO.TRANSACT.VSAM.KSDS,,TRANSACT,TRAN-RECORD,demo/cpy/CVTRA05Y.cpy,VSAM KSDS,READ; WRITE,COBOL
COTRTLIC.cbl,demo/app-transaction-type-db2/cbl/COTRTLIC.cbl,CARDDEMO.TRANSACTION_TYPE,,CARDDEMO.TRANSACTION_TYPE,,,Database,DELETE; SELECT; UPDATE,COBOL
COTRTUPC.cbl,demo/app-transaction-type-db2/cbl/COTRTUPC.cbl,CARDDEMO.TRANSACTION_TYPE,,CARDDEMO.TRANSACTION_TYPE,,,Database,DELETE; INSERT; SELECT; UPDATE,COBOL
COUSR00C.cbl,demo/cbl/COUSR00C.cbl,AWS.M2.CARDDEMO.USRSEC.VSAM.KSDS,,USRSEC,SEC-USER-DATA,demo/cpy/CSUSR01Y.cpy,VSAM KSDS,READ,COBOL
COUSR01C.cbl,demo/cbl/COUSR01C.cbl,AWS.M2.CARDDEMO.USRSEC.VSAM.KSDS,,USRSEC,SEC-USER-DATA,demo/cpy/CSUSR01Y.cpy,VSAM KSDS,WRITE,COBOL
COUSR02C.cbl,demo/cbl/COUSR02C.cbl,AWS.M2.CARDDEMO.USRSEC.VSAM.KSDS,,USRSEC,SEC-USER-DATA,demo/cpy/CSUSR01Y.cpy,VSAM KSDS,READ; UPDATE; WRITE,COBOL
COUSR03C.cbl,demo/cbl/COUSR03C.cbl,AWS.M2.CARDDEMO.USRSEC.VSAM.KSDS,,USRSEC,SEC-USER-DATA,demo/cpy/CSUSR01Y.cpy,VSAM KSDS,DELETE; READ,COBOL
DBUNLDGS.cbl,demo/app-authorization-ims-db2-mq/cbl/DBUNLDGS.CBL,AWS.M2.CARDDEMO.PAUTDB.CHILD.GSAM,PADFILOP,,,,Dataset,,COBOL
DBUNLDGS.cbl,demo/app-authorization-ims-db2-mq/cbl/DBUNLDGS.CBL,AWS.M2.CARDDEMO.PAUTDB.ROOT.GSAM,PASFILOP,,,,Dataset,,COBOL
DBUNLDGS.cbl,demo/app-authorization-ims-db2-mq/cbl/DBUNLDGS.CBL,OEM.IMS.IMSP.DBDLIB,IMS,,,,Dataset,,COBOL
DBUNLDGS.cbl,demo/app-authorization-ims-db2-mq/cbl/DBUNLDGS.CBL,OEM.IMS.IMSP.PAUTHDB,DDPAUTP0,,,,Dataset,,COBOL
DBUNLDGS.cbl,demo/app-authorization-ims-db2-mq/cbl/DBUNLDGS.CBL,OEM.IMS.IMSP.PAUTHDBX,DDPAUTX0,,,,Dataset,,COBOL
DBUNLDGS.cbl,demo/app-authorization-ims-db2-mq/cbl/DBUNLDGS.CBL,OEM.IMS.IMSP.PSBLIB,IMS,,,,Dataset,,COBOL
DBUNLDGS.cbl,demo/app-authorization-ims-db2-mq/cbl/DBUNLDGS.CBL,OEMA.IMS.IMSP.SDFSRESL,DFSRESLB,,,,"Missing [Dataset, PDS]",,COBOL
DBUNLDGS.cbl,demo/app-authorization-ims-db2-mq/cbl/DBUNLDGS.CBL,OEMPP.IMS.V15R01MB.PROCLIB(DFSVSMDB),DFSVSAMP,,,,Dataset,,COBOL
PAUDBLOD.cbl,demo/app-authorization-ims-db2-mq/cbl/PAUDBLOD.CBL,AWS.M2.CARDDEMO.PAUTDB.CHILD.FILEO,INFILE2,INFILE2,,,Dataset,READ,COBOL
PAUDBLOD.cbl,demo/app-authorization-ims-db2-mq/cbl/PAUDBLOD.CBL,AWS.M2.CARDDEMO.PAUTDB.ROOT.FILEO,INFILE1,INFILE1,,,Dataset,READ,COBOL
PAUDBLOD.cbl,demo/app-authorization-ims-db2-mq/cbl/PAUDBLOD.CBL,OEM.IMS.IMSP.DBDLIB,IMS,,,,Dataset,,COBOL
PAUDBLOD.cbl,demo/app-authorization-ims-db2-mq/cbl/PAUDBLOD.CBL,OEM.IMS.IMSP.PSBLIB,IMS,,,,Dataset,,COBOL
PAUDBLOD.cbl,demo/app-authorization-ims-db2-mq/cbl/PAUDBLOD.CBL,OEMA.IMS.IMSP.SDFSRESL,DFSRESLB,,,,"Missing [Dataset, PDS]",,COBOL
PAUDBLOD.cbl,demo/app-authorization-ims-db2-mq/cbl/PAUDBLOD.CBL,OEMPP.IMS.V15R01MB.PROCLIB(DFSVSMDB),DFSVSAMP,,,,Dataset,,COBOL
PAUDBUNL.cbl,demo/app-authorization-ims-db2-mq/cbl/PAUDBUNL.CBL,AWS.M2.CARDDEMO.PAUTDB.CHILD.FILEO,OUTFIL2,OPFILE2,,,Dataset,WRITE,COBOL
PAUDBUNL.cbl,demo/app-authorization-ims-db2-mq/cbl/PAUDBUNL.CBL,AWS.M2.CARDDEMO.PAUTDB.ROOT.FILEO,OUTFIL1,OPFILE1,,,Dataset,WRITE,COBOL
PAUDBUNL.cbl,demo/app-authorization-ims-db2-mq/cbl/PAUDBUNL.CBL,OEM.IMS.IMSP.DBDLIB,IMS,,,,Dataset,,COBOL
PAUDBUNL.cbl,demo/app-authorization-ims-db2-mq/cbl/PAUDBUNL.CBL,OEM.IMS.IMSP.PAUTHDB,DDPAUTP0,,,,Dataset,,COBOL
PAUDBUNL.cbl,demo/app-authorization-ims-db2-mq/cbl/PAUDBUNL.CBL,OEM.IMS.IMSP.PAUTHDBX,DDPAUTX0,,,,Dataset,,COBOL
PAUDBUNL.cbl,demo/app-authorization-ims-db2-mq/cbl/PAUDBUNL.CBL,OEM.IMS.IMSP.PSBLIB,IMS,,,,Dataset,,COBOL
PAUDBUNL.cbl,demo/app-authorization-ims-db2-mq/cbl/PAUDBUNL.CBL,OEMA.IMS.IMSP.SDFSRESL,DFSRESLB,,,,"Missing [Dataset, PDS]",,COBOL
PAUDBUNL.cbl,demo/app-authorization-ims-db2-mq/cbl/PAUDBUNL.CBL,OEMPP.IMS.V15R01MB.PROCLIB(DFSVSMDB),DFSVSAMP,,,,Dataset,,COBOL
